DateKey,Date,Day,Month,Year,Quarter,WeekOfYear,DayOfWeek,IsWeekend
20190101,1/1/2019,1,1,2019,1,1,2,FALSE
20190102,2/1/2019,2,1,2019,1,1,3,FALSE
20190103,3/1/2019,3,1,2019,1,1,4,FALSE
20190104,4/1/2019,4,1,2019,1,1,5,FALSE
20190105,5/1/2019,5,1,2019,1,1,6,TRUE
20190106,6/1/2019,6,1,2019,1,1,7,TRUE
20190107,7/1/2019,7,1,2019,1,2,1,FALSE
20190108,8/1/2019,8,1,2019,1,2,2,FALSE
20190109,9/1/2019,9,1,2019,1,2,3,FALSE
20190110,10/1/2019,10,1,2019,1,2,4,FALSE
20190111,11/1/2019,11,1,2019,1,2,5,FALSE
20190112,12/1/2019,12,1,2019,1,2,6,TRUE
20190113,13/1/2019,13,1,2019,1,2,7,TRUE
20190114,14/1/2019,14,1,2019,1,3,1,FALSE
20190115,15/1/2019,15,1,2019,1,3,2,FALSE
20190116,16/1/2019,16,1,2019,1,3,3,FALSE
20190117,17/1/2019,17,1,2019,1,3,4,FALSE
20190118,18/1/2019,18,1,2019,1,3,5,FALSE
20190119,19/1/2019,19,1,2019,1,3,6,TRUE
20190120,20/1/2019,20,1,2019,1,3,7,TRUE
20190121,21/1/2019,21,1,2019,1,4,1,FALSE
20190122,22/1/2019,22,1,2019,1,4,2,FALSE
20190123,23/1/2019,23,1,2019,1,4,3,FALSE
20190124,24/1/2019,24,1,2019,1,4,4,FALSE
20190125,25/1/2019,25,1,2019,1,4,5,FALSE
20190126,26/1/2019,26,1,2019,1,4,6,TRUE
20190127,27/1/2019,27,1,2019,1,4,7,TRUE
20190128,28/1/2019,28,1,2019,1,5,1,FALSE
20190129,29/1/2019,29,1,2019,1,5,2,FALSE
20190130,30/1/2019,30,1,2019,1,5,3,FALSE
20190131,31/1/2019,31,1,2019,1,5,4,FALSE
20190201,1/2/2019,1,2,2019,1,5,5,FALSE
20190202,2/2/2019,2,2,2019,1,5,6,TRUE
20190203,3/2/2019,3,2,2019,1,5,7,TRUE
20190204,4/2/2019,4,2,2019,1,6,1,FALSE
20190205,5/2/2019,5,2,2019,1,6,2,FALSE
20190206,6/2/2019,6,2,2019,1,6,3,FALSE
20190207,7/2/2019,7,2,2019,1,6,4,FALSE
20190208,8/2/2019,8,2,2019,1,6,5,FALSE
20190209,9/2/2019,9,2,2019,1,6,6,TRUE
20190210,10/2/2019,10,2,2019,1,6,7,TRUE
20190211,11/2/2019,11,2,2019,1,7,1,FALSE
20190212,12/2/2019,12,2,2019,1,7,2,FALSE
20190213,13/2/2019,13,2,2019,1,7,3,FALSE
20190214,14/2/2019,14,2,2019,1,7,4,FALSE
20190215,15/2/2019,15,2,2019,1,7,5,FALSE
20190216,16/2/2019,16,2,2019,1,7,6,TRUE
20190217,17/2/2019,17,2,2019,1,7,7,TRUE
20190218,18/2/2019,18,2,2019,1,8,1,FALSE
20190219,19/2/2019,19,2,2019,1,8,2,FALSE
20190220,20/2/2019,20,2,2019,1,8,3,FALSE
20190221,21/2/2019,21,2,2019,1,8,4,FALSE
20190222,22/2/2019,22,2,2019,1,8,5,FALSE
20190223,23/2/2019,23,2,2019,1,8,6,TRUE
20190224,24/2/2019,24,2,2019,1,8,7,TRUE
20190225,25/2/2019,25,2,2019,1,9,1,FALSE
20190226,26/2/2019,26,2,2019,1,9,2,FALSE
20190227,27/2/2019,27,2,2019,1,9,3,FALSE
20190228,28/2/2019,28,2,2019,1,9,4,FALSE
20190301,1/3/2019,1,3,2019,1,9,5,FALSE
20190302,2/3/2019,2,3,2019,1,9,6,TRUE
20190303,3/3/2019,3,3,2019,1,9,7,TRUE
20190304,4/3/2019,4,3,2019,1,10,1,FALSE
20190305,5/3/2019,5,3,2019,1,10,2,FALSE
20190306,6/3/2019,6,3,2019,1,10,3,FALSE
20190307,7/3/2019,7,3,2019,1,10,4,FALSE
20190308,8/3/2019,8,3,2019,1,10,5,FALSE
20190309,9/3/2019,9,3,2019,1,10,6,TRUE
20190310,10/3/2019,10,3,2019,1,10,7,TRUE
20190311,11/3/2019,11,3,2019,1,11,1,FALSE
20190312,12/3/2019,12,3,2019,1,11,2,FALSE
20190313,13/3/2019,13,3,2019,1,11,3,FALSE
20190314,14/3/2019,14,3,2019,1,11,4,FALSE
20190315,15/3/2019,15,3,2019,1,11,5,FALSE
20190316,16/3/2019,16,3,2019,1,11,6,TRUE
20190317,17/3/2019,17,3,2019,1,11,7,TRUE
20190318,18/3/2019,18,3,2019,1,12,1,FALSE
20190319,19/3/2019,19,3,2019,1,12,2,FALSE
20190320,20/3/2019,20,3,2019,1,12,3,FALSE
20190321,21/3/2019,21,3,2019,1,12,4,FALSE
20190322,22/3/2019,22,3,2019,1,12,5,FALSE
20190323,23/3/2019,23,3,2019,1,12,6,TRUE
20190324,24/3/2019,24,3,2019,1,12,7,TRUE
20190325,25/3/2019,25,3,2019,1,13,1,FALSE
20190326,26/3/2019,26,3,2019,1,13,2,FALSE
20190327,27/3/2019,27,3,2019,1,13,3,FALSE
20190328,28/3/2019,28,3,2019,1,13,4,FALSE
20190329,29/3/2019,29,3,2019,1,13,5,FALSE
20190330,30/3/2019,30,3,2019,1,13,6,TRUE
20190331,31/3/2019,31,3,2019,1,13,7,TRUE
20190401,1/4/2019,1,4,2019,2,14,1,FALSE
20190402,2/4/2019,2,4,2019,2,14,2,FALSE
20190403,3/4/2019,3,4,2019,2,14,3,FALSE
20190404,4/4/2019,4,4,2019,2,14,4,FALSE
20190405,5/4/2019,5,4,2019,2,14,5,FALSE
20190406,6/4/2019,6,4,2019,2,14,6,TRUE
20190407,7/4/2019,7,4,2019,2,14,7,TRUE
20190408,8/4/2019,8,4,2019,2,15,1,FALSE
20190409,9/4/2019,9,4,2019,2,15,2,FALSE
20190410,10/4/2019,10,4,2019,2,15,3,FALSE
20190411,11/4/2019,11,4,2019,2,15,4,FALSE
20190412,12/4/2019,12,4,2019,2,15,5,FALSE
20190413,13/4/2019,13,4,2019,2,15,6,TRUE
20190414,14/4/2019,14,4,2019,2,15,7,TRUE
20190415,15/4/2019,15,4,2019,2,16,1,FALSE
20190416,16/4/2019,16,4,2019,2,16,2,FALSE
20190417,17/4/2019,17,4,2019,2,16,3,FALSE
20190418,18/4/2019,18,4,2019,2,16,4,FALSE
20190419,19/4/2019,19,4,2019,2,16,5,FALSE
20190420,20/4/2019,20,4,2019,2,16,6,TRUE
20190421,21/4/2019,21,4,2019,2,16,7,TRUE
20190422,22/4/2019,22,4,2019,2,17,1,FALSE
20190423,23/4/2019,23,4,2019,2,17,2,FALSE
20190424,24/4/2019,24,4,2019,2,17,3,FALSE
20190425,25/4/2019,25,4,2019,2,17,4,FALSE
20190426,26/4/2019,26,4,2019,2,17,5,FALSE
20190427,27/4/2019,27,4,2019,2,17,6,TRUE
20190428,28/4/2019,28,4,2019,2,17,7,TRUE
20190429,29/4/2019,29,4,2019,2,18,1,FALSE
20190430,30/4/2019,30,4,2019,2,18,2,FALSE
20190501,1/5/2019,1,5,2019,2,18,3,FALSE
20190502,2/5/2019,2,5,2019,2,18,4,FALSE
20190503,3/5/2019,3,5,2019,2,18,5,FALSE
20190504,4/5/2019,4,5,2019,2,18,6,TRUE
20190505,5/5/2019,5,5,2019,2,18,7,TRUE
20190506,6/5/2019,6,5,2019,2,19,1,FALSE
20190507,7/5/2019,7,5,2019,2,19,2,FALSE
20190508,8/5/2019,8,5,2019,2,19,3,FALSE
20190509,9/5/2019,9,5,2019,2,19,4,FALSE
20190510,10/5/2019,10,5,2019,2,19,5,FALSE
20190511,11/5/2019,11,5,2019,2,19,6,TRUE
20190512,12/5/2019,12,5,2019,2,19,7,TRUE
20190513,13/5/2019,13,5,2019,2,20,1,FALSE
20190514,14/5/2019,14,5,2019,2,20,2,FALSE
20190515,15/5/2019,15,5,2019,2,20,3,FALSE
20190516,16/5/2019,16,5,2019,2,20,4,FALSE
20190517,17/5/2019,17,5,2019,2,20,5,FALSE
20190518,18/5/2019,18,5,2019,2,20,6,TRUE
20190519,19/5/2019,19,5,2019,2,20,7,TRUE
20190520,20/5/2019,20,5,2019,2,21,1,FALSE
20190521,21/5/2019,21,5,2019,2,21,2,FALSE
20190522,22/5/2019,22,5,2019,2,21,3,FALSE
20190523,23/5/2019,23,5,2019,2,21,4,FALSE
20190524,24/5/2019,24,5,2019,2,21,5,FALSE
20190525,25/5/2019,25,5,2019,2,21,6,TRUE
20190526,26/5/2019,26,5,2019,2,21,7,TRUE
20190527,27/5/2019,27,5,2019,2,22,1,FALSE
20190528,28/5/2019,28,5,2019,2,22,2,FALSE
20190529,29/5/2019,29,5,2019,2,22,3,FALSE
20190530,30/5/2019,30,5,2019,2,22,4,FALSE
20190531,31/5/2019,31,5,2019,2,22,5,FALSE
20190601,1/6/2019,1,6,2019,2,22,6,TRUE
20190602,2/6/2019,2,6,2019,2,22,7,TRUE
20190603,3/6/2019,3,6,2019,2,23,1,FALSE
20190604,4/6/2019,4,6,2019,2,23,2,FALSE
20190605,5/6/2019,5,6,2019,2,23,3,FALSE
20190606,6/6/2019,6,6,2019,2,23,4,FALSE
20190607,7/6/2019,7,6,2019,2,23,5,FALSE
20190608,8/6/2019,8,6,2019,2,23,6,TRUE
20190609,9/6/2019,9,6,2019,2,23,7,TRUE
20190610,10/6/2019,10,6,2019,2,24,1,FALSE
20190611,11/6/2019,11,6,2019,2,24,2,FALSE
20190612,12/6/2019,12,6,2019,2,24,3,FALSE
20190613,13/6/2019,13,6,2019,2,24,4,FALSE
20190614,14/6/2019,14,6,2019,2,24,5,FALSE
20190615,15/6/2019,15,6,2019,2,24,6,TRUE
20190616,16/6/2019,16,6,2019,2,24,7,TRUE
20190617,17/6/2019,17,6,2019,2,25,1,FALSE
20190618,18/6/2019,18,6,2019,2,25,2,FALSE
20190619,19/6/2019,19,6,2019,2,25,3,FALSE
20190620,20/6/2019,20,6,2019,2,25,4,FALSE
20190621,21/6/2019,21,6,2019,2,25,5,FALSE
20190622,22/6/2019,22,6,2019,2,25,6,TRUE
20190623,23/6/2019,23,6,2019,2,25,7,TRUE
20190624,24/6/2019,24,6,2019,2,26,1,FALSE
20190625,25/6/2019,25,6,2019,2,26,2,FALSE
20190626,26/6/2019,26,6,2019,2,26,3,FALSE
20190627,27/6/2019,27,6,2019,2,26,4,FALSE
20190628,28/6/2019,28,6,2019,2,26,5,FALSE
20190629,29/6/2019,29,6,2019,2,26,6,TRUE
20190630,30/6/2019,30,6,2019,2,26,7,TRUE
20190701,1/7/2019,1,7,2019,3,27,1,FALSE
20190702,2/7/2019,2,7,2019,3,27,2,FALSE
20190703,3/7/2019,3,7,2019,3,27,3,FALSE
20190704,4/7/2019,4,7,2019,3,27,4,FALSE
20190705,5/7/2019,5,7,2019,3,27,5,FALSE
20190706,6/7/2019,6,7,2019,3,27,6,TRUE
20190707,7/7/2019,7,7,2019,3,27,7,TRUE
20190708,8/7/2019,8,7,2019,3,28,1,FALSE
20190709,9/7/2019,9,7,2019,3,28,2,FALSE
20190710,10/7/2019,10,7,2019,3,28,3,FALSE
20190711,11/7/2019,11,7,2019,3,28,4,FALSE
20190712,12/7/2019,12,7,2019,3,28,5,FALSE
20190713,13/7/2019,13,7,2019,3,28,6,TRUE
20190714,14/7/2019,14,7,2019,3,28,7,TRUE
20190715,15/7/2019,15,7,2019,3,29,1,FALSE
20190716,16/7/2019,16,7,2019,3,29,2,FALSE
20190717,17/7/2019,17,7,2019,3,29,3,FALSE
20190718,18/7/2019,18,7,2019,3,29,4,FALSE
20190719,19/7/2019,19,7,2019,3,29,5,FALSE
20190720,20/7/2019,20,7,2019,3,29,6,TRUE
20190721,21/7/2019,21,7,2019,3,29,7,TRUE
20190722,22/7/2019,22,7,2019,3,30,1,FALSE
20190723,23/7/2019,23,7,2019,3,30,2,FALSE
20190724,24/7/2019,24,7,2019,3,30,3,FALSE
20190725,25/7/2019,25,7,2019,3,30,4,FALSE
20190726,26/7/2019,26,7,2019,3,30,5,FALSE
20190727,27/7/2019,27,7,2019,3,30,6,TRUE
20190728,28/7/2019,28,7,2019,3,30,7,TRUE
20190729,29/7/2019,29,7,2019,3,31,1,FALSE
20190730,30/7/2019,30,7,2019,3,31,2,FALSE
20190731,31/7/2019,31,7,2019,3,31,3,FALSE
20190801,1/8/2019,1,8,2019,3,31,4,FALSE
20190802,2/8/2019,2,8,2019,3,31,5,FALSE
20190803,3/8/2019,3,8,2019,3,31,6,TRUE
20190804,4/8/2019,4,8,2019,3,31,7,TRUE
20190805,5/8/2019,5,8,2019,3,32,1,FALSE
20190806,6/8/2019,6,8,2019,3,32,2,FALSE
20190807,7/8/2019,7,8,2019,3,32,3,FALSE
20190808,8/8/2019,8,8,2019,3,32,4,FALSE
20190809,9/8/2019,9,8,2019,3,32,5,FALSE
20190810,10/8/2019,10,8,2019,3,32,6,TRUE
20190811,11/8/2019,11,8,2019,3,32,7,TRUE
20190812,12/8/2019,12,8,2019,3,33,1,FALSE
20190813,13/8/2019,13,8,2019,3,33,2,FALSE
20190814,14/8/2019,14,8,2019,3,33,3,FALSE
20190815,15/8/2019,15,8,2019,3,33,4,FALSE
20190816,16/8/2019,16,8,2019,3,33,5,FALSE
20190817,17/8/2019,17,8,2019,3,33,6,TRUE
20190818,18/8/2019,18,8,2019,3,33,7,TRUE
20190819,19/8/2019,19,8,2019,3,34,1,FALSE
20190820,20/8/2019,20,8,2019,3,34,2,FALSE
20190821,21/8/2019,21,8,2019,3,34,3,FALSE
20190822,22/8/2019,22,8,2019,3,34,4,FALSE
20190823,23/8/2019,23,8,2019,3,34,5,FALSE
20190824,24/8/2019,24,8,2019,3,34,6,TRUE
20190825,25/8/2019,25,8,2019,3,34,7,TRUE
20190826,26/8/2019,26,8,2019,3,35,1,FALSE
20190827,27/8/2019,27,8,2019,3,35,2,FALSE
20190828,28/8/2019,28,8,2019,3,35,3,FALSE
20190829,29/8/2019,29,8,2019,3,35,4,FALSE
20190830,30/8/2019,30,8,2019,3,35,5,FALSE
20190831,31/8/2019,31,8,2019,3,35,6,TRUE
20190901,1/9/2019,1,9,2019,3,35,7,TRUE
20190902,2/9/2019,2,9,2019,3,36,1,FALSE
20190903,3/9/2019,3,9,2019,3,36,2,FALSE
20190904,4/9/2019,4,9,2019,3,36,3,FALSE
20190905,5/9/2019,5,9,2019,3,36,4,FALSE
20190906,6/9/2019,6,9,2019,3,36,5,FALSE
20190907,7/9/2019,7,9,2019,3,36,6,TRUE
20190908,8/9/2019,8,9,2019,3,36,7,TRUE
20190909,9/9/2019,9,9,2019,3,37,1,FALSE
20190910,10/9/2019,10,9,2019,3,37,2,FALSE
20190911,11/9/2019,11,9,2019,3,37,3,FALSE
20190912,12/9/2019,12,9,2019,3,37,4,FALSE
20190913,13/9/2019,13,9,2019,3,37,5,FALSE
20190914,14/9/2019,14,9,2019,3,37,6,TRUE
20190915,15/9/2019,15,9,2019,3,37,7,TRUE
20190916,16/9/2019,16,9,2019,3,38,1,FALSE
20190917,17/9/2019,17,9,2019,3,38,2,FALSE
20190918,18/9/2019,18,9,2019,3,38,3,FALSE
20190919,19/9/2019,19,9,2019,3,38,4,FALSE
20190920,20/9/2019,20,9,2019,3,38,5,FALSE
20190921,21/9/2019,21,9,2019,3,38,6,TRUE
20190922,22/9/2019,22,9,2019,3,38,7,TRUE
20190923,23/9/2019,23,9,2019,3,39,1,FALSE
20190924,24/9/2019,24,9,2019,3,39,2,FALSE
20190925,25/9/2019,25,9,2019,3,39,3,FALSE
20190926,26/9/2019,26,9,2019,3,39,4,FALSE
20190927,27/9/2019,27,9,2019,3,39,5,FALSE
20190928,28/9/2019,28,9,2019,3,39,6,TRUE
20190929,29/9/2019,29,9,2019,3,39,7,TRUE
20190930,30/9/2019,30,9,2019,3,40,1,FALSE
20191001,1/10/2019,1,10,2019,4,40,2,FALSE
20191002,2/10/2019,2,10,2019,4,40,3,FALSE
20191003,3/10/2019,3,10,2019,4,40,4,FALSE
20191004,4/10/2019,4,10,2019,4,40,5,FALSE
20191005,5/10/2019,5,10,2019,4,40,6,TRUE
20191006,6/10/2019,6,10,2019,4,40,7,TRUE
20191007,7/10/2019,7,10,2019,4,41,1,FALSE
20191008,8/10/2019,8,10,2019,4,41,2,FALSE
20191009,9/10/2019,9,10,2019,4,41,3,FALSE
20191010,10/10/2019,10,10,2019,4,41,4,FALSE
20191011,11/10/2019,11,10,2019,4,41,5,FALSE
20191012,12/10/2019,12,10,2019,4,41,6,TRUE
20191013,13/10/2019,13,10,2019,4,41,7,TRUE
20191014,14/10/2019,14,10,2019,4,42,1,FALSE
20191015,15/10/2019,15,10,2019,4,42,2,FALSE
20191016,16/10/2019,16,10,2019,4,42,3,FALSE
20191017,17/10/2019,17,10,2019,4,42,4,FALSE
20191018,18/10/2019,18,10,2019,4,42,5,FALSE
20191019,19/10/2019,19,10,2019,4,42,6,TRUE
20191020,20/10/2019,20,10,2019,4,42,7,TRUE
20191021,21/10/2019,21,10,2019,4,43,1,FALSE
20191022,22/10/2019,22,10,2019,4,43,2,FALSE
20191023,23/10/2019,23,10,2019,4,43,3,FALSE
20191024,24/10/2019,24,10,2019,4,43,4,FALSE
20191025,25/10/2019,25,10,2019,4,43,5,FALSE
20191026,26/10/2019,26,10,2019,4,43,6,TRUE
20191027,27/10/2019,27,10,2019,4,43,7,TRUE
20191028,28/10/2019,28,10,2019,4,44,1,FALSE
20191029,29/10/2019,29,10,2019,4,44,2,FALSE
20191030,30/10/2019,30,10,2019,4,44,3,FALSE
20191031,31/10/2019,31,10,2019,4,44,4,FALSE
20191101,1/11/2019,1,11,2019,4,44,5,FALSE
20191102,2/11/2019,2,11,2019,4,44,6,TRUE
20191103,3/11/2019,3,11,2019,4,44,7,TRUE
20191104,4/11/2019,4,11,2019,4,45,1,FALSE
20191105,5/11/2019,5,11,2019,4,45,2,FALSE
20191106,6/11/2019,6,11,2019,4,45,3,FALSE
20191107,7/11/2019,7,11,2019,4,45,4,FALSE
20191108,8/11/2019,8,11,2019,4,45,5,FALSE
20191109,9/11/2019,9,11,2019,4,45,6,TRUE
20191110,10/11/2019,10,11,2019,4,45,7,TRUE
20191111,11/11/2019,11,11,2019,4,46,1,FALSE
20191112,12/11/2019,12,11,2019,4,46,2,FALSE
20191113,13/11/2019,13,11,2019,4,46,3,FALSE
20191114,14/11/2019,14,11,2019,4,46,4,FALSE
20191115,15/11/2019,15,11,2019,4,46,5,FALSE
20191116,16/11/2019,16,11,2019,4,46,6,TRUE
20191117,17/11/2019,17,11,2019,4,46,7,TRUE
20191118,18/11/2019,18,11,2019,4,47,1,FALSE
20191119,19/11/2019,19,11,2019,4,47,2,FALSE
20191120,20/11/2019,20,11,2019,4,47,3,FALSE
20191121,21/11/2019,21,11,2019,4,47,4,FALSE
20191122,22/11/2019,22,11,2019,4,47,5,FALSE
20191123,23/11/2019,23,11,2019,4,47,6,TRUE
20191124,24/11/2019,24,11,2019,4,47,7,TRUE
20191125,25/11/2019,25,11,2019,4,48,1,FALSE
20191126,26/11/2019,26,11,2019,4,48,2,FALSE
20191127,27/11/2019,27,11,2019,4,48,3,FALSE
20191128,28/11/2019,28,11,2019,4,48,4,FALSE
20191129,29/11/2019,29,11,2019,4,48,5,FALSE
20191130,30/11/2019,30,11,2019,4,48,6,TRUE
20191201,1/12/2019,1,12,2019,4,48,7,TRUE
20191202,2/12/2019,2,12,2019,4,49,1,FALSE
20191203,3/12/2019,3,12,2019,4,49,2,FALSE
20191204,4/12/2019,4,12,2019,4,49,3,FALSE
20191205,5/12/2019,5,12,2019,4,49,4,FALSE
20191206,6/12/2019,6,12,2019,4,49,5,FALSE
20191207,7/12/2019,7,12,2019,4,49,6,TRUE
20191208,8/12/2019,8,12,2019,4,49,7,TRUE
20191209,9/12/2019,9,12,2019,4,50,1,FALSE
20191210,10/12/2019,10,12,2019,4,50,2,FALSE
20191211,11/12/2019,11,12,2019,4,50,3,FALSE
20191212,12/12/2019,12,12,2019,4,50,4,FALSE
20191213,13/12/2019,13,12,2019,4,50,5,FALSE
20191214,14/12/2019,14,12,2019,4,50,6,TRUE
20191215,15/12/2019,15,12,2019,4,50,7,TRUE
20191216,16/12/2019,16,12,2019,4,51,1,FALSE
20191217,17/12/2019,17,12,2019,4,51,2,FALSE
20191218,18/12/2019,18,12,2019,4,51,3,FALSE
20191219,19/12/2019,19,12,2019,4,51,4,FALSE
20191220,20/12/2019,20,12,2019,4,51,5,FALSE
20191221,21/12/2019,21,12,2019,4,51,6,TRUE
20191222,22/12/2019,22,12,2019,4,51,7,TRUE
20191223,23/12/2019,23,12,2019,4,52,1,FALSE
20191224,24/12/2019,24,12,2019,4,52,2,FALSE
20191225,25/12/2019,25,12,2019,4,52,3,FALSE
20191226,26/12/2019,26,12,2019,4,52,4,FALSE
20191227,27/12/2019,27,12,2019,4,52,5,FALSE
20191228,28/12/2019,28,12,2019,4,52,6,TRUE
20191229,29/12/2019,29,12,2019,4,52,7,TRUE
20191230,30/12/2019,30,12,2019,4,1,1,FALSE
20191231,31/12/2019,31,12,2019,4,1,2,FALSE
20200101,1/1/2020,1,1,2020,1,1,3,FALSE
20200102,2/1/2020,2,1,2020,1,1,4,FALSE
20200103,3/1/2020,3,1,2020,1,1,5,FALSE
20200104,4/1/2020,4,1,2020,1,1,6,TRUE
20200105,5/1/2020,5,1,2020,1,1,7,TRUE
20200106,6/1/2020,6,1,2020,1,2,1,FALSE
20200107,7/1/2020,7,1,2020,1,2,2,FALSE
20200108,8/1/2020,8,1,2020,1,2,3,FALSE
20200109,9/1/2020,9,1,2020,1,2,4,FALSE
20200110,10/1/2020,10,1,2020,1,2,5,FALSE
20200111,11/1/2020,11,1,2020,1,2,6,TRUE
20200112,12/1/2020,12,1,2020,1,2,7,TRUE
20200113,13/1/2020,13,1,2020,1,3,1,FALSE
20200114,14/1/2020,14,1,2020,1,3,2,FALSE
20200115,15/1/2020,15,1,2020,1,3,3,FALSE
20200116,16/1/2020,16,1,2020,1,3,4,FALSE
20200117,17/1/2020,17,1,2020,1,3,5,FALSE
20200118,18/1/2020,18,1,2020,1,3,6,TRUE
20200119,19/1/2020,19,1,2020,1,3,7,TRUE
20200120,20/1/2020,20,1,2020,1,4,1,FALSE
20200121,21/1/2020,21,1,2020,1,4,2,FALSE
20200122,22/1/2020,22,1,2020,1,4,3,FALSE
20200123,23/1/2020,23,1,2020,1,4,4,FALSE
20200124,24/1/2020,24,1,2020,1,4,5,FALSE
20200125,25/1/2020,25,1,2020,1,4,6,TRUE
20200126,26/1/2020,26,1,2020,1,4,7,TRUE
20200127,27/1/2020,27,1,2020,1,5,1,FALSE
20200128,28/1/2020,28,1,2020,1,5,2,FALSE
20200129,29/1/2020,29,1,2020,1,5,3,FALSE
20200130,30/1/2020,30,1,2020,1,5,4,FALSE
20200131,31/1/2020,31,1,2020,1,5,5,FALSE
20200201,1/2/2020,1,2,2020,1,5,6,TRUE
20200202,2/2/2020,2,2,2020,1,5,7,TRUE
20200203,3/2/2020,3,2,2020,1,6,1,FALSE
20200204,4/2/2020,4,2,2020,1,6,2,FALSE
20200205,5/2/2020,5,2,2020,1,6,3,FALSE
20200206,6/2/2020,6,2,2020,1,6,4,FALSE
20200207,7/2/2020,7,2,2020,1,6,5,FALSE
20200208,8/2/2020,8,2,2020,1,6,6,TRUE
20200209,9/2/2020,9,2,2020,1,6,7,TRUE
20200210,10/2/2020,10,2,2020,1,7,1,FALSE
20200211,11/2/2020,11,2,2020,1,7,2,FALSE
20200212,12/2/2020,12,2,2020,1,7,3,FALSE
20200213,13/2/2020,13,2,2020,1,7,4,FALSE
20200214,14/2/2020,14,2,2020,1,7,5,FALSE
20200215,15/2/2020,15,2,2020,1,7,6,TRUE
20200216,16/2/2020,16,2,2020,1,7,7,TRUE
20200217,17/2/2020,17,2,2020,1,8,1,FALSE
20200218,18/2/2020,18,2,2020,1,8,2,FALSE
20200219,19/2/2020,19,2,2020,1,8,3,FALSE
20200220,20/2/2020,20,2,2020,1,8,4,FALSE
20200221,21/2/2020,21,2,2020,1,8,5,FALSE
20200222,22/2/2020,22,2,2020,1,8,6,TRUE
20200223,23/2/2020,23,2,2020,1,8,7,TRUE
20200224,24/2/2020,24,2,2020,1,9,1,FALSE
20200225,25/2/2020,25,2,2020,1,9,2,FALSE
20200226,26/2/2020,26,2,2020,1,9,3,FALSE
20200227,27/2/2020,27,2,2020,1,9,4,FALSE
20200228,28/2/2020,28,2,2020,1,9,5,FALSE
20200229,29/2/2020,29,2,2020,1,9,6,TRUE
20200301,1/3/2020,1,3,2020,1,9,7,TRUE
20200302,2/3/2020,2,3,2020,1,10,1,FALSE
20200303,3/3/2020,3,3,2020,1,10,2,FALSE
20200304,4/3/2020,4,3,2020,1,10,3,FALSE
20200305,5/3/2020,5,3,2020,1,10,4,FALSE
20200306,6/3/2020,6,3,2020,1,10,5,FALSE
20200307,7/3/2020,7,3,2020,1,10,6,TRUE
20200308,8/3/2020,8,3,2020,1,10,7,TRUE
20200309,9/3/2020,9,3,2020,1,11,1,FALSE
20200310,10/3/2020,10,3,2020,1,11,2,FALSE
20200311,11/3/2020,11,3,2020,1,11,3,FALSE
20200312,12/3/2020,12,3,2020,1,11,4,FALSE
20200313,13/3/2020,13,3,2020,1,11,5,FALSE
20200314,14/3/2020,14,3,2020,1,11,6,TRUE
20200315,15/3/2020,15,3,2020,1,11,7,TRUE
20200316,16/3/2020,16,3,2020,1,12,1,FALSE
20200317,17/3/2020,17,3,2020,1,12,2,FALSE
20200318,18/3/2020,18,3,2020,1,12,3,FALSE
20200319,19/3/2020,19,3,2020,1,12,4,FALSE
20200320,20/3/2020,20,3,2020,1,12,5,FALSE
20200321,21/3/2020,21,3,2020,1,12,6,TRUE
20200322,22/3/2020,22,3,2020,1,12,7,TRUE
20200323,23/3/2020,23,3,2020,1,13,1,FALSE
20200324,24/3/2020,24,3,2020,1,13,2,FALSE
20200325,25/3/2020,25,3,2020,1,13,3,FALSE
20200326,26/3/2020,26,3,2020,1,13,4,FALSE
20200327,27/3/2020,27,3,2020,1,13,5,FALSE
20200328,28/3/2020,28,3,2020,1,13,6,TRUE
20200329,29/3/2020,29,3,2020,1,13,7,TRUE
20200330,30/3/2020,30,3,2020,1,14,1,FALSE
20200331,31/3/2020,31,3,2020,1,14,2,FALSE
20200401,1/4/2020,1,4,2020,2,14,3,FALSE
20200402,2/4/2020,2,4,2020,2,14,4,FALSE
20200403,3/4/2020,3,4,2020,2,14,5,FALSE
20200404,4/4/2020,4,4,2020,2,14,6,TRUE
20200405,5/4/2020,5,4,2020,2,14,7,TRUE
20200406,6/4/2020,6,4,2020,2,15,1,FALSE
20200407,7/4/2020,7,4,2020,2,15,2,FALSE
20200408,8/4/2020,8,4,2020,2,15,3,FALSE
20200409,9/4/2020,9,4,2020,2,15,4,FALSE
20200410,10/4/2020,10,4,2020,2,15,5,FALSE
20200411,11/4/2020,11,4,2020,2,15,6,TRUE
20200412,12/4/2020,12,4,2020,2,15,7,TRUE
20200413,13/4/2020,13,4,2020,2,16,1,FALSE
20200414,14/4/2020,14,4,2020,2,16,2,FALSE
20200415,15/4/2020,15,4,2020,2,16,3,FALSE
20200416,16/4/2020,16,4,2020,2,16,4,FALSE
20200417,17/4/2020,17,4,2020,2,16,5,FALSE
20200418,18/4/2020,18,4,2020,2,16,6,TRUE
20200419,19/4/2020,19,4,2020,2,16,7,TRUE
20200420,20/4/2020,20,4,2020,2,17,1,FALSE
20200421,21/4/2020,21,4,2020,2,17,2,FALSE
20200422,22/4/2020,22,4,2020,2,17,3,FALSE
20200423,23/4/2020,23,4,2020,2,17,4,FALSE
20200424,24/4/2020,24,4,2020,2,17,5,FALSE
20200425,25/4/2020,25,4,2020,2,17,6,TRUE
20200426,26/4/2020,26,4,2020,2,17,7,TRUE
20200427,27/4/2020,27,4,2020,2,18,1,FALSE
20200428,28/4/2020,28,4,2020,2,18,2,FALSE
20200429,29/4/2020,29,4,2020,2,18,3,FALSE
20200430,30/4/2020,30,4,2020,2,18,4,FALSE
20200501,1/5/2020,1,5,2020,2,18,5,FALSE
20200502,2/5/2020,2,5,2020,2,18,6,TRUE
20200503,3/5/2020,3,5,2020,2,18,7,TRUE
20200504,4/5/2020,4,5,2020,2,19,1,FALSE
20200505,5/5/2020,5,5,2020,2,19,2,FALSE
20200506,6/5/2020,6,5,2020,2,19,3,FALSE
20200507,7/5/2020,7,5,2020,2,19,4,FALSE
20200508,8/5/2020,8,5,2020,2,19,5,FALSE
20200509,9/5/2020,9,5,2020,2,19,6,TRUE
20200510,10/5/2020,10,5,2020,2,19,7,TRUE
20200511,11/5/2020,11,5,2020,2,20,1,FALSE
20200512,12/5/2020,12,5,2020,2,20,2,FALSE
20200513,13/5/2020,13,5,2020,2,20,3,FALSE
20200514,14/5/2020,14,5,2020,2,20,4,FALSE
20200515,15/5/2020,15,5,2020,2,20,5,FALSE
20200516,16/5/2020,16,5,2020,2,20,6,TRUE
20200517,17/5/2020,17,5,2020,2,20,7,TRUE
20200518,18/5/2020,18,5,2020,2,21,1,FALSE
20200519,19/5/2020,19,5,2020,2,21,2,FALSE
20200520,20/5/2020,20,5,2020,2,21,3,FALSE
20200521,21/5/2020,21,5,2020,2,21,4,FALSE
20200522,22/5/2020,22,5,2020,2,21,5,FALSE
20200523,23/5/2020,23,5,2020,2,21,6,TRUE
20200524,24/5/2020,24,5,2020,2,21,7,TRUE
20200525,25/5/2020,25,5,2020,2,22,1,FALSE
20200526,26/5/2020,26,5,2020,2,22,2,FALSE
20200527,27/5/2020,27,5,2020,2,22,3,FALSE
20200528,28/5/2020,28,5,2020,2,22,4,FALSE
20200529,29/5/2020,29,5,2020,2,22,5,FALSE
20200530,30/5/2020,30,5,2020,2,22,6,TRUE
20200531,31/5/2020,31,5,2020,2,22,7,TRUE
20200601,1/6/2020,1,6,2020,2,23,1,FALSE
20200602,2/6/2020,2,6,2020,2,23,2,FALSE
20200603,3/6/2020,3,6,2020,2,23,3,FALSE
20200604,4/6/2020,4,6,2020,2,23,4,FALSE
20200605,5/6/2020,5,6,2020,2,23,5,FALSE
20200606,6/6/2020,6,6,2020,2,23,6,TRUE
20200607,7/6/2020,7,6,2020,2,23,7,TRUE
20200608,8/6/2020,8,6,2020,2,24,1,FALSE
20200609,9/6/2020,9,6,2020,2,24,2,FALSE
20200610,10/6/2020,10,6,2020,2,24,3,FALSE
20200611,11/6/2020,11,6,2020,2,24,4,FALSE
20200612,12/6/2020,12,6,2020,2,24,5,FALSE
20200613,13/6/2020,13,6,2020,2,24,6,TRUE
20200614,14/6/2020,14,6,2020,2,24,7,TRUE
20200615,15/6/2020,15,6,2020,2,25,1,FALSE
20200616,16/6/2020,16,6,2020,2,25,2,FALSE
20200617,17/6/2020,17,6,2020,2,25,3,FALSE
20200618,18/6/2020,18,6,2020,2,25,4,FALSE
20200619,19/6/2020,19,6,2020,2,25,5,FALSE
20200620,20/6/2020,20,6,2020,2,25,6,TRUE
20200621,21/6/2020,21,6,2020,2,25,7,TRUE
20200622,22/6/2020,22,6,2020,2,26,1,FALSE
20200623,23/6/2020,23,6,2020,2,26,2,FALSE
20200624,24/6/2020,24,6,2020,2,26,3,FALSE
20200625,25/6/2020,25,6,2020,2,26,4,FALSE
20200626,26/6/2020,26,6,2020,2,26,5,FALSE
20200627,27/6/2020,27,6,2020,2,26,6,TRUE
20200628,28/6/2020,28,6,2020,2,26,7,TRUE
20200629,29/6/2020,29,6,2020,2,27,1,FALSE
20200630,30/6/2020,30,6,2020,2,27,2,FALSE
20200701,1/7/2020,1,7,2020,3,27,3,FALSE
20200702,2/7/2020,2,7,2020,3,27,4,FALSE
20200703,3/7/2020,3,7,2020,3,27,5,FALSE
20200704,4/7/2020,4,7,2020,3,27,6,TRUE
20200705,5/7/2020,5,7,2020,3,27,7,TRUE
20200706,6/7/2020,6,7,2020,3,28,1,FALSE
20200707,7/7/2020,7,7,2020,3,28,2,FALSE
20200708,8/7/2020,8,7,2020,3,28,3,FALSE
20200709,9/7/2020,9,7,2020,3,28,4,FALSE
20200710,10/7/2020,10,7,2020,3,28,5,FALSE
20200711,11/7/2020,11,7,2020,3,28,6,TRUE
20200712,12/7/2020,12,7,2020,3,28,7,TRUE
20200713,13/7/2020,13,7,2020,3,29,1,FALSE
20200714,14/7/2020,14,7,2020,3,29,2,FALSE
20200715,15/7/2020,15,7,2020,3,29,3,FALSE
20200716,16/7/2020,16,7,2020,3,29,4,FALSE
20200717,17/7/2020,17,7,2020,3,29,5,FALSE
20200718,18/7/2020,18,7,2020,3,29,6,TRUE
20200719,19/7/2020,19,7,2020,3,29,7,TRUE
20200720,20/7/2020,20,7,2020,3,30,1,FALSE
20200721,21/7/2020,21,7,2020,3,30,2,FALSE
20200722,22/7/2020,22,7,2020,3,30,3,FALSE
20200723,23/7/2020,23,7,2020,3,30,4,FALSE
20200724,24/7/2020,24,7,2020,3,30,5,FALSE
20200725,25/7/2020,25,7,2020,3,30,6,TRUE
20200726,26/7/2020,26,7,2020,3,30,7,TRUE
20200727,27/7/2020,27,7,2020,3,31,1,FALSE
20200728,28/7/2020,28,7,2020,3,31,2,FALSE
20200729,29/7/2020,29,7,2020,3,31,3,FALSE
20200730,30/7/2020,30,7,2020,3,31,4,FALSE
20200731,31/7/2020,31,7,2020,3,31,5,FALSE
20200801,1/8/2020,1,8,2020,3,31,6,TRUE
20200802,2/8/2020,2,8,2020,3,31,7,TRUE
20200803,3/8/2020,3,8,2020,3,32,1,FALSE
20200804,4/8/2020,4,8,2020,3,32,2,FALSE
20200805,5/8/2020,5,8,2020,3,32,3,FALSE
20200806,6/8/2020,6,8,2020,3,32,4,FALSE
20200807,7/8/2020,7,8,2020,3,32,5,FALSE
20200808,8/8/2020,8,8,2020,3,32,6,TRUE
20200809,9/8/2020,9,8,2020,3,32,7,TRUE
20200810,10/8/2020,10,8,2020,3,33,1,FALSE
20200811,11/8/2020,11,8,2020,3,33,2,FALSE
20200812,12/8/2020,12,8,2020,3,33,3,FALSE
20200813,13/8/2020,13,8,2020,3,33,4,FALSE
20200814,14/8/2020,14,8,2020,3,33,5,FALSE
20200815,15/8/2020,15,8,2020,3,33,6,TRUE
20200816,16/8/2020,16,8,2020,3,33,7,TRUE
20200817,17/8/2020,17,8,2020,3,34,1,FALSE
20200818,18/8/2020,18,8,2020,3,34,2,FALSE
20200819,19/8/2020,19,8,2020,3,34,3,FALSE
20200820,20/8/2020,20,8,2020,3,34,4,FALSE
20200821,21/8/2020,21,8,2020,3,34,5,FALSE
20200822,22/8/2020,22,8,2020,3,34,6,TRUE
20200823,23/8/2020,23,8,2020,3,34,7,TRUE
20200824,24/8/2020,24,8,2020,3,35,1,FALSE
20200825,25/8/2020,25,8,2020,3,35,2,FALSE
20200826,26/8/2020,26,8,2020,3,35,3,FALSE
20200827,27/8/2020,27,8,2020,3,35,4,FALSE
20200828,28/8/2020,28,8,2020,3,35,5,FALSE
20200829,29/8/2020,29,8,2020,3,35,6,TRUE
20200830,30/8/2020,30,8,2020,3,35,7,TRUE
20200831,31/8/2020,31,8,2020,3,36,1,FALSE
20200901,1/9/2020,1,9,2020,3,36,2,FALSE
20200902,2/9/2020,2,9,2020,3,36,3,FALSE
20200903,3/9/2020,3,9,2020,3,36,4,FALSE
20200904,4/9/2020,4,9,2020,3,36,5,FALSE
20200905,5/9/2020,5,9,2020,3,36,6,TRUE
20200906,6/9/2020,6,9,2020,3,36,7,TRUE
20200907,7/9/2020,7,9,2020,3,37,1,FALSE
20200908,8/9/2020,8,9,2020,3,37,2,FALSE
20200909,9/9/2020,9,9,2020,3,37,3,FALSE
20200910,10/9/2020,10,9,2020,3,37,4,FALSE
20200911,11/9/2020,11,9,2020,3,37,5,FALSE
20200912,12/9/2020,12,9,2020,3,37,6,TRUE
20200913,13/9/2020,13,9,2020,3,37,7,TRUE
20200914,14/9/2020,14,9,2020,3,38,1,FALSE
20200915,15/9/2020,15,9,2020,3,38,2,FALSE
20200916,16/9/2020,16,9,2020,3,38,3,FALSE
20200917,17/9/2020,17,9,2020,3,38,4,FALSE
20200918,18/9/2020,18,9,2020,3,38,5,FALSE
20200919,19/9/2020,19,9,2020,3,38,6,TRUE
20200920,20/9/2020,20,9,2020,3,38,7,TRUE
20200921,21/9/2020,21,9,2020,3,39,1,FALSE
20200922,22/9/2020,22,9,2020,3,39,2,FALSE
20200923,23/9/2020,23,9,2020,3,39,3,FALSE
20200924,24/9/2020,24,9,2020,3,39,4,FALSE
20200925,25/9/2020,25,9,2020,3,39,5,FALSE
20200926,26/9/2020,26,9,2020,3,39,6,TRUE
20200927,27/9/2020,27,9,2020,3,39,7,TRUE
20200928,28/9/2020,28,9,2020,3,40,1,FALSE
20200929,29/9/2020,29,9,2020,3,40,2,FALSE
20200930,30/9/2020,30,9,2020,3,40,3,FALSE
20201001,1/10/2020,1,10,2020,4,40,4,FALSE
20201002,2/10/2020,2,10,2020,4,40,5,FALSE
20201003,3/10/2020,3,10,2020,4,40,6,TRUE
20201004,4/10/2020,4,10,2020,4,40,7,TRUE
20201005,5/10/2020,5,10,2020,4,41,1,FALSE
20201006,6/10/2020,6,10,2020,4,41,2,FALSE
20201007,7/10/2020,7,10,2020,4,41,3,FALSE
20201008,8/10/2020,8,10,2020,4,41,4,FALSE
20201009,9/10/2020,9,10,2020,4,41,5,FALSE
20201010,10/10/2020,10,10,2020,4,41,6,TRUE
20201011,11/10/2020,11,10,2020,4,41,7,TRUE
20201012,12/10/2020,12,10,2020,4,42,1,FALSE
20201013,13/10/2020,13,10,2020,4,42,2,FALSE
20201014,14/10/2020,14,10,2020,4,42,3,FALSE
20201015,15/10/2020,15,10,2020,4,42,4,FALSE
20201016,16/10/2020,16,10,2020,4,42,5,FALSE
20201017,17/10/2020,17,10,2020,4,42,6,TRUE
20201018,18/10/2020,18,10,2020,4,42,7,TRUE
20201019,19/10/2020,19,10,2020,4,43,1,FALSE
20201020,20/10/2020,20,10,2020,4,43,2,FALSE
20201021,21/10/2020,21,10,2020,4,43,3,FALSE
20201022,22/10/2020,22,10,2020,4,43,4,FALSE
20201023,23/10/2020,23,10,2020,4,43,5,FALSE
20201024,24/10/2020,24,10,2020,4,43,6,TRUE
20201025,25/10/2020,25,10,2020,4,43,7,TRUE
20201026,26/10/2020,26,10,2020,4,44,1,FALSE
20201027,27/10/2020,27,10,2020,4,44,2,FALSE
20201028,28/10/2020,28,10,2020,4,44,3,FALSE
20201029,29/10/2020,29,10,2020,4,44,4,FALSE
20201030,30/10/2020,30,10,2020,4,44,5,FALSE
20201031,31/10/2020,31,10,2020,4,44,6,TRUE
20201101,1/11/2020,1,11,2020,4,44,7,TRUE
20201102,2/11/2020,2,11,2020,4,45,1,FALSE
20201103,3/11/2020,3,11,2020,4,45,2,FALSE
20201104,4/11/2020,4,11,2020,4,45,3,FALSE
20201105,5/11/2020,5,11,2020,4,45,4,FALSE
20201106,6/11/2020,6,11,2020,4,45,5,FALSE
20201107,7/11/2020,7,11,2020,4,45,6,TRUE
20201108,8/11/2020,8,11,2020,4,45,7,TRUE
20201109,9/11/2020,9,11,2020,4,46,1,FALSE
20201110,10/11/2020,10,11,2020,4,46,2,FALSE
20201111,11/11/2020,11,11,2020,4,46,3,FALSE
20201112,12/11/2020,12,11,2020,4,46,4,FALSE
20201113,13/11/2020,13,11,2020,4,46,5,FALSE
20201114,14/11/2020,14,11,2020,4,46,6,TRUE
20201115,15/11/2020,15,11,2020,4,46,7,TRUE
20201116,16/11/2020,16,11,2020,4,47,1,FALSE
20201117,17/11/2020,17,11,2020,4,47,2,FALSE
20201118,18/11/2020,18,11,2020,4,47,3,FALSE
20201119,19/11/2020,19,11,2020,4,47,4,FALSE
20201120,20/11/2020,20,11,2020,4,47,5,FALSE
20201121,21/11/2020,21,11,2020,4,47,6,TRUE
20201122,22/11/2020,22,11,2020,4,47,7,TRUE
20201123,23/11/2020,23,11,2020,4,48,1,FALSE
20201124,24/11/2020,24,11,2020,4,48,2,FALSE
20201125,25/11/2020,25,11,2020,4,48,3,FALSE
20201126,26/11/2020,26,11,2020,4,48,4,FALSE
20201127,27/11/2020,27,11,2020,4,48,5,FALSE
20201128,28/11/2020,28,11,2020,4,48,6,TRUE
20201129,29/11/2020,29,11,2020,4,48,7,TRUE
20201130,30/11/2020,30,11,2020,4,49,1,FALSE
20201201,1/12/2020,1,12,2020,4,49,2,FALSE
20201202,2/12/2020,2,12,2020,4,49,3,FALSE
20201203,3/12/2020,3,12,2020,4,49,4,FALSE
20201204,4/12/2020,4,12,2020,4,49,5,FALSE
20201205,5/12/2020,5,12,2020,4,49,6,TRUE
20201206,6/12/2020,6,12,2020,4,49,7,TRUE
20201207,7/12/2020,7,12,2020,4,50,1,FALSE
20201208,8/12/2020,8,12,2020,4,50,2,FALSE
20201209,9/12/2020,9,12,2020,4,50,3,FALSE
20201210,10/12/2020,10,12,2020,4,50,4,FALSE
20201211,11/12/2020,11,12,2020,4,50,5,FALSE
20201212,12/12/2020,12,12,2020,4,50,6,TRUE
20201213,13/12/2020,13,12,2020,4,50,7,TRUE
20201214,14/12/2020,14,12,2020,4,51,1,FALSE
20201215,15/12/2020,15,12,2020,4,51,2,FALSE
20201216,16/12/2020,16,12,2020,4,51,3,FALSE
20201217,17/12/2020,17,12,2020,4,51,4,FALSE
20201218,18/12/2020,18,12,2020,4,51,5,FALSE
20201219,19/12/2020,19,12,2020,4,51,6,TRUE
20201220,20/12/2020,20,12,2020,4,51,7,TRUE
20201221,21/12/2020,21,12,2020,4,52,1,FALSE
20201222,22/12/2020,22,12,2020,4,52,2,FALSE
20201223,23/12/2020,23,12,2020,4,52,3,FALSE
20201224,24/12/2020,24,12,2020,4,52,4,FALSE
20201225,25/12/2020,25,12,2020,4,52,5,FALSE
20201226,26/12/2020,26,12,2020,4,52,6,TRUE
20201227,27/12/2020,27,12,2020,4,52,7,TRUE
20201228,28/12/2020,28,12,2020,4,53,1,FALSE
20201229,29/12/2020,29,12,2020,4,53,2,FALSE
20201230,30/12/2020,30,12,2020,4,53,3,FALSE
20201231,31/12/2020,31,12,2020,4,53,4,FALSE
20210101,1/1/2021,1,1,2021,1,53,5,FALSE
20210102,2/1/2021,2,1,2021,1,53,6,TRUE
20210103,3/1/2021,3,1,2021,1,53,7,TRUE
20210104,4/1/2021,4,1,2021,1,1,1,FALSE
20210105,5/1/2021,5,1,2021,1,1,2,FALSE
20210106,6/1/2021,6,1,2021,1,1,3,FALSE
20210107,7/1/2021,7,1,2021,1,1,4,FALSE
20210108,8/1/2021,8,1,2021,1,1,5,FALSE
20210109,9/1/2021,9,1,2021,1,1,6,TRUE
20210110,10/1/2021,10,1,2021,1,1,7,TRUE
20210111,11/1/2021,11,1,2021,1,2,1,FALSE
20210112,12/1/2021,12,1,2021,1,2,2,FALSE
20210113,13/1/2021,13,1,2021,1,2,3,FALSE
20210114,14/1/2021,14,1,2021,1,2,4,FALSE
20210115,15/1/2021,15,1,2021,1,2,5,FALSE
20210116,16/1/2021,16,1,2021,1,2,6,TRUE
20210117,17/1/2021,17,1,2021,1,2,7,TRUE
20210118,18/1/2021,18,1,2021,1,3,1,FALSE
20210119,19/1/2021,19,1,2021,1,3,2,FALSE
20210120,20/1/2021,20,1,2021,1,3,3,FALSE
20210121,21/1/2021,21,1,2021,1,3,4,FALSE
20210122,22/1/2021,22,1,2021,1,3,5,FALSE
20210123,23/1/2021,23,1,2021,1,3,6,TRUE
20210124,24/1/2021,24,1,2021,1,3,7,TRUE
20210125,25/1/2021,25,1,2021,1,4,1,FALSE
20210126,26/1/2021,26,1,2021,1,4,2,FALSE
20210127,27/1/2021,27,1,2021,1,4,3,FALSE
20210128,28/1/2021,28,1,2021,1,4,4,FALSE
20210129,29/1/2021,29,1,2021,1,4,5,FALSE
20210130,30/1/2021,30,1,2021,1,4,6,TRUE
20210131,31/1/2021,31,1,2021,1,4,7,TRUE
20210201,1/2/2021,1,2,2021,1,5,1,FALSE
20210202,2/2/2021,2,2,2021,1,5,2,FALSE
20210203,3/2/2021,3,2,2021,1,5,3,FALSE
20210204,4/2/2021,4,2,2021,1,5,4,FALSE
20210205,5/2/2021,5,2,2021,1,5,5,FALSE
20210206,6/2/2021,6,2,2021,1,5,6,TRUE
20210207,7/2/2021,7,2,2021,1,5,7,TRUE
20210208,8/2/2021,8,2,2021,1,6,1,FALSE
20210209,9/2/2021,9,2,2021,1,6,2,FALSE
20210210,10/2/2021,10,2,2021,1,6,3,FALSE
20210211,11/2/2021,11,2,2021,1,6,4,FALSE
20210212,12/2/2021,12,2,2021,1,6,5,FALSE
20210213,13/2/2021,13,2,2021,1,6,6,TRUE
20210214,14/2/2021,14,2,2021,1,6,7,TRUE
20210215,15/2/2021,15,2,2021,1,7,1,FALSE
20210216,16/2/2021,16,2,2021,1,7,2,FALSE
20210217,17/2/2021,17,2,2021,1,7,3,FALSE
20210218,18/2/2021,18,2,2021,1,7,4,FALSE
20210219,19/2/2021,19,2,2021,1,7,5,FALSE
20210220,20/2/2021,20,2,2021,1,7,6,TRUE
20210221,21/2/2021,21,2,2021,1,7,7,TRUE
20210222,22/2/2021,22,2,2021,1,8,1,FALSE
20210223,23/2/2021,23,2,2021,1,8,2,FALSE
20210224,24/2/2021,24,2,2021,1,8,3,FALSE
20210225,25/2/2021,25,2,2021,1,8,4,FALSE
20210226,26/2/2021,26,2,2021,1,8,5,FALSE
20210227,27/2/2021,27,2,2021,1,8,6,TRUE
20210228,28/2/2021,28,2,2021,1,8,7,TRUE
20210301,1/3/2021,1,3,2021,1,9,1,FALSE
20210302,2/3/2021,2,3,2021,1,9,2,FALSE
20210303,3/3/2021,3,3,2021,1,9,3,FALSE
20210304,4/3/2021,4,3,2021,1,9,4,FALSE
20210305,5/3/2021,5,3,2021,1,9,5,FALSE
20210306,6/3/2021,6,3,2021,1,9,6,TRUE
20210307,7/3/2021,7,3,2021,1,9,7,TRUE
20210308,8/3/2021,8,3,2021,1,10,1,FALSE
20210309,9/3/2021,9,3,2021,1,10,2,FALSE
20210310,10/3/2021,10,3,2021,1,10,3,FALSE
20210311,11/3/2021,11,3,2021,1,10,4,FALSE
20210312,12/3/2021,12,3,2021,1,10,5,FALSE
20210313,13/3/2021,13,3,2021,1,10,6,TRUE
20210314,14/3/2021,14,3,2021,1,10,7,TRUE
20210315,15/3/2021,15,3,2021,1,11,1,FALSE
20210316,16/3/2021,16,3,2021,1,11,2,FALSE
20210317,17/3/2021,17,3,2021,1,11,3,FALSE
20210318,18/3/2021,18,3,2021,1,11,4,FALSE
20210319,19/3/2021,19,3,2021,1,11,5,FALSE
20210320,20/3/2021,20,3,2021,1,11,6,TRUE
20210321,21/3/2021,21,3,2021,1,11,7,TRUE
20210322,22/3/2021,22,3,2021,1,12,1,FALSE
20210323,23/3/2021,23,3,2021,1,12,2,FALSE
20210324,24/3/2021,24,3,2021,1,12,3,FALSE
20210325,25/3/2021,25,3,2021,1,12,4,FALSE
20210326,26/3/2021,26,3,2021,1,12,5,FALSE
20210327,27/3/2021,27,3,2021,1,12,6,TRUE
20210328,28/3/2021,28,3,2021,1,12,7,TRUE
20210329,29/3/2021,29,3,2021,1,13,1,FALSE
20210330,30/3/2021,30,3,2021,1,13,2,FALSE
20210331,31/3/2021,31,3,2021,1,13,3,FALSE
20210401,1/4/2021,1,4,2021,2,13,4,FALSE
20210402,2/4/2021,2,4,2021,2,13,5,FALSE
20210403,3/4/2021,3,4,2021,2,13,6,TRUE
20210404,4/4/2021,4,4,2021,2,13,7,TRUE
20210405,5/4/2021,5,4,2021,2,14,1,FALSE
20210406,6/4/2021,6,4,2021,2,14,2,FALSE
20210407,7/4/2021,7,4,2021,2,14,3,FALSE
20210408,8/4/2021,8,4,2021,2,14,4,FALSE
20210409,9/4/2021,9,4,2021,2,14,5,FALSE
20210410,10/4/2021,10,4,2021,2,14,6,TRUE
20210411,11/4/2021,11,4,2021,2,14,7,TRUE
20210412,12/4/2021,12,4,2021,2,15,1,FALSE
20210413,13/4/2021,13,4,2021,2,15,2,FALSE
20210414,14/4/2021,14,4,2021,2,15,3,FALSE
20210415,15/4/2021,15,4,2021,2,15,4,FALSE
20210416,16/4/2021,16,4,2021,2,15,5,FALSE
20210417,17/4/2021,17,4,2021,2,15,6,TRUE
20210418,18/4/2021,18,4,2021,2,15,7,TRUE
20210419,19/4/2021,19,4,2021,2,16,1,FALSE
20210420,20/4/2021,20,4,2021,2,16,2,FALSE
20210421,21/4/2021,21,4,2021,2,16,3,FALSE
20210422,22/4/2021,22,4,2021,2,16,4,FALSE
20210423,23/4/2021,23,4,2021,2,16,5,FALSE
20210424,24/4/2021,24,4,2021,2,16,6,TRUE
20210425,25/4/2021,25,4,2021,2,16,7,TRUE
20210426,26/4/2021,26,4,2021,2,17,1,FALSE
20210427,27/4/2021,27,4,2021,2,17,2,FALSE
20210428,28/4/2021,28,4,2021,2,17,3,FALSE
20210429,29/4/2021,29,4,2021,2,17,4,FALSE
20210430,30/4/2021,30,4,2021,2,17,5,FALSE
20210501,1/5/2021,1,5,2021,2,17,6,TRUE
20210502,2/5/2021,2,5,2021,2,17,7,TRUE
20210503,3/5/2021,3,5,2021,2,18,1,FALSE
20210504,4/5/2021,4,5,2021,2,18,2,FALSE
20210505,5/5/2021,5,5,2021,2,18,3,FALSE
20210506,6/5/2021,6,5,2021,2,18,4,FALSE
20210507,7/5/2021,7,5,2021,2,18,5,FALSE
20210508,8/5/2021,8,5,2021,2,18,6,TRUE
20210509,9/5/2021,9,5,2021,2,18,7,TRUE
20210510,10/5/2021,10,5,2021,2,19,1,FALSE
20210511,11/5/2021,11,5,2021,2,19,2,FALSE
20210512,12/5/2021,12,5,2021,2,19,3,FALSE
20210513,13/5/2021,13,5,2021,2,19,4,FALSE
20210514,14/5/2021,14,5,2021,2,19,5,FALSE
20210515,15/5/2021,15,5,2021,2,19,6,TRUE
20210516,16/5/2021,16,5,2021,2,19,7,TRUE
20210517,17/5/2021,17,5,2021,2,20,1,FALSE
20210518,18/5/2021,18,5,2021,2,20,2,FALSE
20210519,19/5/2021,19,5,2021,2,20,3,FALSE
20210520,20/5/2021,20,5,2021,2,20,4,FALSE
20210521,21/5/2021,21,5,2021,2,20,5,FALSE
20210522,22/5/2021,22,5,2021,2,20,6,TRUE
20210523,23/5/2021,23,5,2021,2,20,7,TRUE
20210524,24/5/2021,24,5,2021,2,21,1,FALSE
20210525,25/5/2021,25,5,2021,2,21,2,FALSE
20210526,26/5/2021,26,5,2021,2,21,3,FALSE
20210527,27/5/2021,27,5,2021,2,21,4,FALSE
20210528,28/5/2021,28,5,2021,2,21,5,FALSE
20210529,29/5/2021,29,5,2021,2,21,6,TRUE
20210530,30/5/2021,30,5,2021,2,21,7,TRUE
20210531,31/5/2021,31,5,2021,2,22,1,FALSE
20210601,1/6/2021,1,6,2021,2,22,2,FALSE
20210602,2/6/2021,2,6,2021,2,22,3,FALSE
20210603,3/6/2021,3,6,2021,2,22,4,FALSE
20210604,4/6/2021,4,6,2021,2,22,5,FALSE
20210605,5/6/2021,5,6,2021,2,22,6,TRUE
20210606,6/6/2021,6,6,2021,2,22,7,TRUE
20210607,7/6/2021,7,6,2021,2,23,1,FALSE
20210608,8/6/2021,8,6,2021,2,23,2,FALSE
20210609,9/6/2021,9,6,2021,2,23,3,FALSE
20210610,10/6/2021,10,6,2021,2,23,4,FALSE
20210611,11/6/2021,11,6,2021,2,23,5,FALSE
20210612,12/6/2021,12,6,2021,2,23,6,TRUE
20210613,13/6/2021,13,6,2021,2,23,7,TRUE
20210614,14/6/2021,14,6,2021,2,24,1,FALSE
20210615,15/6/2021,15,6,2021,2,24,2,FALSE
20210616,16/6/2021,16,6,2021,2,24,3,FALSE
20210617,17/6/2021,17,6,2021,2,24,4,FALSE
20210618,18/6/2021,18,6,2021,2,24,5,FALSE
20210619,19/6/2021,19,6,2021,2,24,6,TRUE
20210620,20/6/2021,20,6,2021,2,24,7,TRUE
20210621,21/6/2021,21,6,2021,2,25,1,FALSE
20210622,22/6/2021,22,6,2021,2,25,2,FALSE
20210623,23/6/2021,23,6,2021,2,25,3,FALSE
20210624,24/6/2021,24,6,2021,2,25,4,FALSE
20210625,25/6/2021,25,6,2021,2,25,5,FALSE
20210626,26/6/2021,26,6,2021,2,25,6,TRUE
20210627,27/6/2021,27,6,2021,2,25,7,TRUE
20210628,28/6/2021,28,6,2021,2,26,1,FALSE
20210629,29/6/2021,29,6,2021,2,26,2,FALSE
20210630,30/6/2021,30,6,2021,2,26,3,FALSE
20210701,1/7/2021,1,7,2021,3,26,4,FALSE
20210702,2/7/2021,2,7,2021,3,26,5,FALSE
20210703,3/7/2021,3,7,2021,3,26,6,TRUE
20210704,4/7/2021,4,7,2021,3,26,7,TRUE
20210705,5/7/2021,5,7,2021,3,27,1,FALSE
20210706,6/7/2021,6,7,2021,3,27,2,FALSE
20210707,7/7/2021,7,7,2021,3,27,3,FALSE
20210708,8/7/2021,8,7,2021,3,27,4,FALSE
20210709,9/7/2021,9,7,2021,3,27,5,FALSE
20210710,10/7/2021,10,7,2021,3,27,6,TRUE
20210711,11/7/2021,11,7,2021,3,27,7,TRUE
20210712,12/7/2021,12,7,2021,3,28,1,FALSE
20210713,13/7/2021,13,7,2021,3,28,2,FALSE
20210714,14/7/2021,14,7,2021,3,28,3,FALSE
20210715,15/7/2021,15,7,2021,3,28,4,FALSE
20210716,16/7/2021,16,7,2021,3,28,5,FALSE
20210717,17/7/2021,17,7,2021,3,28,6,TRUE
20210718,18/7/2021,18,7,2021,3,28,7,TRUE
20210719,19/7/2021,19,7,2021,3,29,1,FALSE
20210720,20/7/2021,20,7,2021,3,29,2,FALSE
20210721,21/7/2021,21,7,2021,3,29,3,FALSE
20210722,22/7/2021,22,7,2021,3,29,4,FALSE
20210723,23/7/2021,23,7,2021,3,29,5,FALSE
20210724,24/7/2021,24,7,2021,3,29,6,TRUE
20210725,25/7/2021,25,7,2021,3,29,7,TRUE
20210726,26/7/2021,26,7,2021,3,30,1,FALSE
20210727,27/7/2021,27,7,2021,3,30,2,FALSE
20210728,28/7/2021,28,7,2021,3,30,3,FALSE
20210729,29/7/2021,29,7,2021,3,30,4,FALSE
20210730,30/7/2021,30,7,2021,3,30,5,FALSE
20210731,31/7/2021,31,7,2021,3,30,6,TRUE
20210801,1/8/2021,1,8,2021,3,30,7,TRUE
20210802,2/8/2021,2,8,2021,3,31,1,FALSE
20210803,3/8/2021,3,8,2021,3,31,2,FALSE
20210804,4/8/2021,4,8,2021,3,31,3,FALSE
20210805,5/8/2021,5,8,2021,3,31,4,FALSE
20210806,6/8/2021,6,8,2021,3,31,5,FALSE
20210807,7/8/2021,7,8,2021,3,31,6,TRUE
20210808,8/8/2021,8,8,2021,3,31,7,TRUE
20210809,9/8/2021,9,8,2021,3,32,1,FALSE
20210810,10/8/2021,10,8,2021,3,32,2,FALSE
20210811,11/8/2021,11,8,2021,3,32,3,FALSE
20210812,12/8/2021,12,8,2021,3,32,4,FALSE
20210813,13/8/2021,13,8,2021,3,32,5,FALSE
20210814,14/8/2021,14,8,2021,3,32,6,TRUE
20210815,15/8/2021,15,8,2021,3,32,7,TRUE
20210816,16/8/2021,16,8,2021,3,33,1,FALSE
20210817,17/8/2021,17,8,2021,3,33,2,FALSE
20210818,18/8/2021,18,8,2021,3,33,3,FALSE
20210819,19/8/2021,19,8,2021,3,33,4,FALSE
20210820,20/8/2021,20,8,2021,3,33,5,FALSE
20210821,21/8/2021,21,8,2021,3,33,6,TRUE
20210822,22/8/2021,22,8,2021,3,33,7,TRUE
20210823,23/8/2021,23,8,2021,3,34,1,FALSE
20210824,24/8/2021,24,8,2021,3,34,2,FALSE
20210825,25/8/2021,25,8,2021,3,34,3,FALSE
20210826,26/8/2021,26,8,2021,3,34,4,FALSE
20210827,27/8/2021,27,8,2021,3,34,5,FALSE
20210828,28/8/2021,28,8,2021,3,34,6,TRUE
20210829,29/8/2021,29,8,2021,3,34,7,TRUE
20210830,30/8/2021,30,8,2021,3,35,1,FALSE
20210831,31/8/2021,31,8,2021,3,35,2,FALSE
20210901,1/9/2021,1,9,2021,3,35,3,FALSE
20210902,2/9/2021,2,9,2021,3,35,4,FALSE
20210903,3/9/2021,3,9,2021,3,35,5,FALSE
20210904,4/9/2021,4,9,2021,3,35,6,TRUE
20210905,5/9/2021,5,9,2021,3,35,7,TRUE
20210906,6/9/2021,6,9,2021,3,36,1,FALSE
20210907,7/9/2021,7,9,2021,3,36,2,FALSE
20210908,8/9/2021,8,9,2021,3,36,3,FALSE
20210909,9/9/2021,9,9,2021,3,36,4,FALSE
20210910,10/9/2021,10,9,2021,3,36,5,FALSE
20210911,11/9/2021,11,9,2021,3,36,6,TRUE
20210912,12/9/2021,12,9,2021,3,36,7,TRUE
20210913,13/9/2021,13,9,2021,3,37,1,FALSE
20210914,14/9/2021,14,9,2021,3,37,2,FALSE
20210915,15/9/2021,15,9,2021,3,37,3,FALSE
20210916,16/9/2021,16,9,2021,3,37,4,FALSE
20210917,17/9/2021,17,9,2021,3,37,5,FALSE
20210918,18/9/2021,18,9,2021,3,37,6,TRUE
20210919,19/9/2021,19,9,2021,3,37,7,TRUE
20210920,20/9/2021,20,9,2021,3,38,1,FALSE
20210921,21/9/2021,21,9,2021,3,38,2,FALSE
20210922,22/9/2021,22,9,2021,3,38,3,FALSE
20210923,23/9/2021,23,9,2021,3,38,4,FALSE
20210924,24/9/2021,24,9,2021,3,38,5,FALSE
20210925,25/9/2021,25,9,2021,3,38,6,TRUE
20210926,26/9/2021,26,9,2021,3,38,7,TRUE
20210927,27/9/2021,27,9,2021,3,39,1,FALSE
20210928,28/9/2021,28,9,2021,3,39,2,FALSE
20210929,29/9/2021,29,9,2021,3,39,3,FALSE
20210930,30/9/2021,30,9,2021,3,39,4,FALSE
20211001,1/10/2021,1,10,2021,4,39,5,FALSE
20211002,2/10/2021,2,10,2021,4,39,6,TRUE
20211003,3/10/2021,3,10,2021,4,39,7,TRUE
20211004,4/10/2021,4,10,2021,4,40,1,FALSE
20211005,5/10/2021,5,10,2021,4,40,2,FALSE
20211006,6/10/2021,6,10,2021,4,40,3,FALSE
20211007,7/10/2021,7,10,2021,4,40,4,FALSE
20211008,8/10/2021,8,10,2021,4,40,5,FALSE
20211009,9/10/2021,9,10,2021,4,40,6,TRUE
20211010,10/10/2021,10,10,2021,4,40,7,TRUE
20211011,11/10/2021,11,10,2021,4,41,1,FALSE
20211012,12/10/2021,12,10,2021,4,41,2,FALSE
20211013,13/10/2021,13,10,2021,4,41,3,FALSE
20211014,14/10/2021,14,10,2021,4,41,4,FALSE
20211015,15/10/2021,15,10,2021,4,41,5,FALSE
20211016,16/10/2021,16,10,2021,4,41,6,TRUE
20211017,17/10/2021,17,10,2021,4,41,7,TRUE
20211018,18/10/2021,18,10,2021,4,42,1,FALSE
20211019,19/10/2021,19,10,2021,4,42,2,FALSE
20211020,20/10/2021,20,10,2021,4,42,3,FALSE
20211021,21/10/2021,21,10,2021,4,42,4,FALSE
20211022,22/10/2021,22,10,2021,4,42,5,FALSE
20211023,23/10/2021,23,10,2021,4,42,6,TRUE
20211024,24/10/2021,24,10,2021,4,42,7,TRUE
20211025,25/10/2021,25,10,2021,4,43,1,FALSE
20211026,26/10/2021,26,10,2021,4,43,2,FALSE
20211027,27/10/2021,27,10,2021,4,43,3,FALSE
20211028,28/10/2021,28,10,2021,4,43,4,FALSE
20211029,29/10/2021,29,10,2021,4,43,5,FALSE
20211030,30/10/2021,30,10,2021,4,43,6,TRUE
20211031,31/10/2021,31,10,2021,4,43,7,TRUE
20211101,1/11/2021,1,11,2021,4,44,1,FALSE
20211102,2/11/2021,2,11,2021,4,44,2,FALSE
20211103,3/11/2021,3,11,2021,4,44,3,FALSE
20211104,4/11/2021,4,11,2021,4,44,4,FALSE
20211105,5/11/2021,5,11,2021,4,44,5,FALSE
20211106,6/11/2021,6,11,2021,4,44,6,TRUE
20211107,7/11/2021,7,11,2021,4,44,7,TRUE
20211108,8/11/2021,8,11,2021,4,45,1,FALSE
20211109,9/11/2021,9,11,2021,4,45,2,FALSE
20211110,10/11/2021,10,11,2021,4,45,3,FALSE
20211111,11/11/2021,11,11,2021,4,45,4,FALSE
20211112,12/11/2021,12,11,2021,4,45,5,FALSE
20211113,13/11/2021,13,11,2021,4,45,6,TRUE
20211114,14/11/2021,14,11,2021,4,45,7,TRUE
20211115,15/11/2021,15,11,2021,4,46,1,FALSE
20211116,16/11/2021,16,11,2021,4,46,2,FALSE
20211117,17/11/2021,17,11,2021,4,46,3,FALSE
20211118,18/11/2021,18,11,2021,4,46,4,FALSE
20211119,19/11/2021,19,11,2021,4,46,5,FALSE
20211120,20/11/2021,20,11,2021,4,46,6,TRUE
20211121,21/11/2021,21,11,2021,4,46,7,TRUE
20211122,22/11/2021,22,11,2021,4,47,1,FALSE
20211123,23/11/2021,23,11,2021,4,47,2,FALSE
20211124,24/11/2021,24,11,2021,4,47,3,FALSE
20211125,25/11/2021,25,11,2021,4,47,4,FALSE
20211126,26/11/2021,26,11,2021,4,47,5,FALSE
20211127,27/11/2021,27,11,2021,4,47,6,TRUE
20211128,28/11/2021,28,11,2021,4,47,7,TRUE
20211129,29/11/2021,29,11,2021,4,48,1,FALSE
20211130,30/11/2021,30,11,2021,4,48,2,FALSE
20211201,1/12/2021,1,12,2021,4,48,3,FALSE
20211202,2/12/2021,2,12,2021,4,48,4,FALSE
20211203,3/12/2021,3,12,2021,4,48,5,FALSE
20211204,4/12/2021,4,12,2021,4,48,6,TRUE
20211205,5/12/2021,5,12,2021,4,48,7,TRUE
20211206,6/12/2021,6,12,2021,4,49,1,FALSE
20211207,7/12/2021,7,12,2021,4,49,2,FALSE
20211208,8/12/2021,8,12,2021,4,49,3,FALSE
20211209,9/12/2021,9,12,2021,4,49,4,FALSE
20211210,10/12/2021,10,12,2021,4,49,5,FALSE
20211211,11/12/2021,11,12,2021,4,49,6,TRUE
20211212,12/12/2021,12,12,2021,4,49,7,TRUE
20211213,13/12/2021,13,12,2021,4,50,1,FALSE
20211214,14/12/2021,14,12,2021,4,50,2,FALSE
20211215,15/12/2021,15,12,2021,4,50,3,FALSE
20211216,16/12/2021,16,12,2021,4,50,4,FALSE
20211217,17/12/2021,17,12,2021,4,50,5,FALSE
20211218,18/12/2021,18,12,2021,4,50,6,TRUE
20211219,19/12/2021,19,12,2021,4,50,7,TRUE
20211220,20/12/2021,20,12,2021,4,51,1,FALSE
20211221,21/12/2021,21,12,2021,4,51,2,FALSE
20211222,22/12/2021,22,12,2021,4,51,3,FALSE
20211223,23/12/2021,23,12,2021,4,51,4,FALSE
20211224,24/12/2021,24,12,2021,4,51,5,FALSE
20211225,25/12/2021,25,12,2021,4,51,6,TRUE
20211226,26/12/2021,26,12,2021,4,51,7,TRUE
20211227,27/12/2021,27,12,2021,4,52,1,FALSE
20211228,28/12/2021,28,12,2021,4,52,2,FALSE
20211229,29/12/2021,29,12,2021,4,52,3,FALSE
20211230,30/12/2021,30,12,2021,4,52,4,FALSE
20211231,31/12/2021,31,12,2021,4,52,5,FALSE
20220101,1/1/2022,1,1,2022,1,52,6,TRUE
20220102,2/1/2022,2,1,2022,1,52,7,TRUE
20220103,3/1/2022,3,1,2022,1,1,1,FALSE
20220104,4/1/2022,4,1,2022,1,1,2,FALSE
20220105,5/1/2022,5,1,2022,1,1,3,FALSE
20220106,6/1/2022,6,1,2022,1,1,4,FALSE
20220107,7/1/2022,7,1,2022,1,1,5,FALSE
20220108,8/1/2022,8,1,2022,1,1,6,TRUE
20220109,9/1/2022,9,1,2022,1,1,7,TRUE
20220110,10/1/2022,10,1,2022,1,2,1,FALSE
20220111,11/1/2022,11,1,2022,1,2,2,FALSE
20220112,12/1/2022,12,1,2022,1,2,3,FALSE
20220113,13/1/2022,13,1,2022,1,2,4,FALSE
20220114,14/1/2022,14,1,2022,1,2,5,FALSE
20220115,15/1/2022,15,1,2022,1,2,6,TRUE
20220116,16/1/2022,16,1,2022,1,2,7,TRUE
20220117,17/1/2022,17,1,2022,1,3,1,FALSE
20220118,18/1/2022,18,1,2022,1,3,2,FALSE
20220119,19/1/2022,19,1,2022,1,3,3,FALSE
20220120,20/1/2022,20,1,2022,1,3,4,FALSE
20220121,21/1/2022,21,1,2022,1,3,5,FALSE
20220122,22/1/2022,22,1,2022,1,3,6,TRUE
20220123,23/1/2022,23,1,2022,1,3,7,TRUE
20220124,24/1/2022,24,1,2022,1,4,1,FALSE
20220125,25/1/2022,25,1,2022,1,4,2,FALSE
20220126,26/1/2022,26,1,2022,1,4,3,FALSE
20220127,27/1/2022,27,1,2022,1,4,4,FALSE
20220128,28/1/2022,28,1,2022,1,4,5,FALSE
20220129,29/1/2022,29,1,2022,1,4,6,TRUE
20220130,30/1/2022,30,1,2022,1,4,7,TRUE
20220131,31/1/2022,31,1,2022,1,5,1,FALSE
20220201,1/2/2022,1,2,2022,1,5,2,FALSE
20220202,2/2/2022,2,2,2022,1,5,3,FALSE
20220203,3/2/2022,3,2,2022,1,5,4,FALSE
20220204,4/2/2022,4,2,2022,1,5,5,FALSE
20220205,5/2/2022,5,2,2022,1,5,6,TRUE
20220206,6/2/2022,6,2,2022,1,5,7,TRUE
20220207,7/2/2022,7,2,2022,1,6,1,FALSE
20220208,8/2/2022,8,2,2022,1,6,2,FALSE
20220209,9/2/2022,9,2,2022,1,6,3,FALSE
20220210,10/2/2022,10,2,2022,1,6,4,FALSE
20220211,11/2/2022,11,2,2022,1,6,5,FALSE
20220212,12/2/2022,12,2,2022,1,6,6,TRUE
20220213,13/2/2022,13,2,2022,1,6,7,TRUE
20220214,14/2/2022,14,2,2022,1,7,1,FALSE
20220215,15/2/2022,15,2,2022,1,7,2,FALSE
20220216,16/2/2022,16,2,2022,1,7,3,FALSE
20220217,17/2/2022,17,2,2022,1,7,4,FALSE
20220218,18/2/2022,18,2,2022,1,7,5,FALSE
20220219,19/2/2022,19,2,2022,1,7,6,TRUE
20220220,20/2/2022,20,2,2022,1,7,7,TRUE
20220221,21/2/2022,21,2,2022,1,8,1,FALSE
20220222,22/2/2022,22,2,2022,1,8,2,FALSE
20220223,23/2/2022,23,2,2022,1,8,3,FALSE
20220224,24/2/2022,24,2,2022,1,8,4,FALSE
20220225,25/2/2022,25,2,2022,1,8,5,FALSE
20220226,26/2/2022,26,2,2022,1,8,6,TRUE
20220227,27/2/2022,27,2,2022,1,8,7,TRUE
20220228,28/2/2022,28,2,2022,1,9,1,FALSE
20220301,1/3/2022,1,3,2022,1,9,2,FALSE
20220302,2/3/2022,2,3,2022,1,9,3,FALSE
20220303,3/3/2022,3,3,2022,1,9,4,FALSE
20220304,4/3/2022,4,3,2022,1,9,5,FALSE
20220305,5/3/2022,5,3,2022,1,9,6,TRUE
20220306,6/3/2022,6,3,2022,1,9,7,TRUE
20220307,7/3/2022,7,3,2022,1,10,1,FALSE
20220308,8/3/2022,8,3,2022,1,10,2,FALSE
20220309,9/3/2022,9,3,2022,1,10,3,FALSE
20220310,10/3/2022,10,3,2022,1,10,4,FALSE
20220311,11/3/2022,11,3,2022,1,10,5,FALSE
20220312,12/3/2022,12,3,2022,1,10,6,TRUE
20220313,13/3/2022,13,3,2022,1,10,7,TRUE
20220314,14/3/2022,14,3,2022,1,11,1,FALSE
20220315,15/3/2022,15,3,2022,1,11,2,FALSE
20220316,16/3/2022,16,3,2022,1,11,3,FALSE
20220317,17/3/2022,17,3,2022,1,11,4,FALSE
20220318,18/3/2022,18,3,2022,1,11,5,FALSE
20220319,19/3/2022,19,3,2022,1,11,6,TRUE
20220320,20/3/2022,20,3,2022,1,11,7,TRUE
20220321,21/3/2022,21,3,2022,1,12,1,FALSE
20220322,22/3/2022,22,3,2022,1,12,2,FALSE
20220323,23/3/2022,23,3,2022,1,12,3,FALSE
20220324,24/3/2022,24,3,2022,1,12,4,FALSE
20220325,25/3/2022,25,3,2022,1,12,5,FALSE
20220326,26/3/2022,26,3,2022,1,12,6,TRUE
20220327,27/3/2022,27,3,2022,1,12,7,TRUE
20220328,28/3/2022,28,3,2022,1,13,1,FALSE
20220329,29/3/2022,29,3,2022,1,13,2,FALSE
20220330,30/3/2022,30,3,2022,1,13,3,FALSE
20220331,31/3/2022,31,3,2022,1,13,4,FALSE
20220401,1/4/2022,1,4,2022,2,13,5,FALSE
20220402,2/4/2022,2,4,2022,2,13,6,TRUE
20220403,3/4/2022,3,4,2022,2,13,7,TRUE
20220404,4/4/2022,4,4,2022,2,14,1,FALSE
20220405,5/4/2022,5,4,2022,2,14,2,FALSE
20220406,6/4/2022,6,4,2022,2,14,3,FALSE
20220407,7/4/2022,7,4,2022,2,14,4,FALSE
20220408,8/4/2022,8,4,2022,2,14,5,FALSE
20220409,9/4/2022,9,4,2022,2,14,6,TRUE
20220410,10/4/2022,10,4,2022,2,14,7,TRUE
20220411,11/4/2022,11,4,2022,2,15,1,FALSE
20220412,12/4/2022,12,4,2022,2,15,2,FALSE
20220413,13/4/2022,13,4,2022,2,15,3,FALSE
20220414,14/4/2022,14,4,2022,2,15,4,FALSE
20220415,15/4/2022,15,4,2022,2,15,5,FALSE
20220416,16/4/2022,16,4,2022,2,15,6,TRUE
20220417,17/4/2022,17,4,2022,2,15,7,TRUE
20220418,18/4/2022,18,4,2022,2,16,1,FALSE
20220419,19/4/2022,19,4,2022,2,16,2,FALSE
20220420,20/4/2022,20,4,2022,2,16,3,FALSE
20220421,21/4/2022,21,4,2022,2,16,4,FALSE
20220422,22/4/2022,22,4,2022,2,16,5,FALSE
20220423,23/4/2022,23,4,2022,2,16,6,TRUE
20220424,24/4/2022,24,4,2022,2,16,7,TRUE
20220425,25/4/2022,25,4,2022,2,17,1,FALSE
20220426,26/4/2022,26,4,2022,2,17,2,FALSE
20220427,27/4/2022,27,4,2022,2,17,3,FALSE
20220428,28/4/2022,28,4,2022,2,17,4,FALSE
20220429,29/4/2022,29,4,2022,2,17,5,FALSE
20220430,30/4/2022,30,4,2022,2,17,6,TRUE
20220501,1/5/2022,1,5,2022,2,17,7,TRUE
20220502,2/5/2022,2,5,2022,2,18,1,FALSE
20220503,3/5/2022,3,5,2022,2,18,2,FALSE
20220504,4/5/2022,4,5,2022,2,18,3,FALSE
20220505,5/5/2022,5,5,2022,2,18,4,FALSE
20220506,6/5/2022,6,5,2022,2,18,5,FALSE
20220507,7/5/2022,7,5,2022,2,18,6,TRUE
20220508,8/5/2022,8,5,2022,2,18,7,TRUE
20220509,9/5/2022,9,5,2022,2,19,1,FALSE
20220510,10/5/2022,10,5,2022,2,19,2,FALSE
20220511,11/5/2022,11,5,2022,2,19,3,FALSE
20220512,12/5/2022,12,5,2022,2,19,4,FALSE
20220513,13/5/2022,13,5,2022,2,19,5,FALSE
20220514,14/5/2022,14,5,2022,2,19,6,TRUE
20220515,15/5/2022,15,5,2022,2,19,7,TRUE
20220516,16/5/2022,16,5,2022,2,20,1,FALSE
20220517,17/5/2022,17,5,2022,2,20,2,FALSE
20220518,18/5/2022,18,5,2022,2,20,3,FALSE
20220519,19/5/2022,19,5,2022,2,20,4,FALSE
20220520,20/5/2022,20,5,2022,2,20,5,FALSE
20220521,21/5/2022,21,5,2022,2,20,6,TRUE
20220522,22/5/2022,22,5,2022,2,20,7,TRUE
20220523,23/5/2022,23,5,2022,2,21,1,FALSE
20220524,24/5/2022,24,5,2022,2,21,2,FALSE
20220525,25/5/2022,25,5,2022,2,21,3,FALSE
20220526,26/5/2022,26,5,2022,2,21,4,FALSE
20220527,27/5/2022,27,5,2022,2,21,5,FALSE
20220528,28/5/2022,28,5,2022,2,21,6,TRUE
20220529,29/5/2022,29,5,2022,2,21,7,TRUE
20220530,30/5/2022,30,5,2022,2,22,1,FALSE
20220531,31/5/2022,31,5,2022,2,22,2,FALSE
20220601,1/6/2022,1,6,2022,2,22,3,FALSE
20220602,2/6/2022,2,6,2022,2,22,4,FALSE
20220603,3/6/2022,3,6,2022,2,22,5,FALSE
20220604,4/6/2022,4,6,2022,2,22,6,TRUE
20220605,5/6/2022,5,6,2022,2,22,7,TRUE
20220606,6/6/2022,6,6,2022,2,23,1,FALSE
20220607,7/6/2022,7,6,2022,2,23,2,FALSE
20220608,8/6/2022,8,6,2022,2,23,3,FALSE
20220609,9/6/2022,9,6,2022,2,23,4,FALSE
20220610,10/6/2022,10,6,2022,2,23,5,FALSE
20220611,11/6/2022,11,6,2022,2,23,6,TRUE
20220612,12/6/2022,12,6,2022,2,23,7,TRUE
20220613,13/6/2022,13,6,2022,2,24,1,FALSE
20220614,14/6/2022,14,6,2022,2,24,2,FALSE
20220615,15/6/2022,15,6,2022,2,24,3,FALSE
20220616,16/6/2022,16,6,2022,2,24,4,FALSE
20220617,17/6/2022,17,6,2022,2,24,5,FALSE
20220618,18/6/2022,18,6,2022,2,24,6,TRUE
20220619,19/6/2022,19,6,2022,2,24,7,TRUE
20220620,20/6/2022,20,6,2022,2,25,1,FALSE
20220621,21/6/2022,21,6,2022,2,25,2,FALSE
20220622,22/6/2022,22,6,2022,2,25,3,FALSE
20220623,23/6/2022,23,6,2022,2,25,4,FALSE
20220624,24/6/2022,24,6,2022,2,25,5,FALSE
20220625,25/6/2022,25,6,2022,2,25,6,TRUE
20220626,26/6/2022,26,6,2022,2,25,7,TRUE
20220627,27/6/2022,27,6,2022,2,26,1,FALSE
20220628,28/6/2022,28,6,2022,2,26,2,FALSE
20220629,29/6/2022,29,6,2022,2,26,3,FALSE
20220630,30/6/2022,30,6,2022,2,26,4,FALSE
20220701,1/7/2022,1,7,2022,3,26,5,FALSE
20220702,2/7/2022,2,7,2022,3,26,6,TRUE
20220703,3/7/2022,3,7,2022,3,26,7,TRUE
20220704,4/7/2022,4,7,2022,3,27,1,FALSE
20220705,5/7/2022,5,7,2022,3,27,2,FALSE
20220706,6/7/2022,6,7,2022,3,27,3,FALSE
20220707,7/7/2022,7,7,2022,3,27,4,FALSE
20220708,8/7/2022,8,7,2022,3,27,5,FALSE
20220709,9/7/2022,9,7,2022,3,27,6,TRUE
20220710,10/7/2022,10,7,2022,3,27,7,TRUE
20220711,11/7/2022,11,7,2022,3,28,1,FALSE
20220712,12/7/2022,12,7,2022,3,28,2,FALSE
20220713,13/7/2022,13,7,2022,3,28,3,FALSE
20220714,14/7/2022,14,7,2022,3,28,4,FALSE
20220715,15/7/2022,15,7,2022,3,28,5,FALSE
20220716,16/7/2022,16,7,2022,3,28,6,TRUE
20220717,17/7/2022,17,7,2022,3,28,7,TRUE
20220718,18/7/2022,18,7,2022,3,29,1,FALSE
20220719,19/7/2022,19,7,2022,3,29,2,FALSE
20220720,20/7/2022,20,7,2022,3,29,3,FALSE
20220721,21/7/2022,21,7,2022,3,29,4,FALSE
20220722,22/7/2022,22,7,2022,3,29,5,FALSE
20220723,23/7/2022,23,7,2022,3,29,6,TRUE
20220724,24/7/2022,24,7,2022,3,29,7,TRUE
20220725,25/7/2022,25,7,2022,3,30,1,FALSE
20220726,26/7/2022,26,7,2022,3,30,2,FALSE
20220727,27/7/2022,27,7,2022,3,30,3,FALSE
20220728,28/7/2022,28,7,2022,3,30,4,FALSE
20220729,29/7/2022,29,7,2022,3,30,5,FALSE
20220730,30/7/2022,30,7,2022,3,30,6,TRUE
20220731,31/7/2022,31,7,2022,3,30,7,TRUE
20220801,1/8/2022,1,8,2022,3,31,1,FALSE
20220802,2/8/2022,2,8,2022,3,31,2,FALSE
20220803,3/8/2022,3,8,2022,3,31,3,FALSE
20220804,4/8/2022,4,8,2022,3,31,4,FALSE
20220805,5/8/2022,5,8,2022,3,31,5,FALSE
20220806,6/8/2022,6,8,2022,3,31,6,TRUE
20220807,7/8/2022,7,8,2022,3,31,7,TRUE
20220808,8/8/2022,8,8,2022,3,32,1,FALSE
20220809,9/8/2022,9,8,2022,3,32,2,FALSE
20220810,10/8/2022,10,8,2022,3,32,3,FALSE
20220811,11/8/2022,11,8,2022,3,32,4,FALSE
20220812,12/8/2022,12,8,2022,3,32,5,FALSE
20220813,13/8/2022,13,8,2022,3,32,6,TRUE
20220814,14/8/2022,14,8,2022,3,32,7,TRUE
20220815,15/8/2022,15,8,2022,3,33,1,FALSE
20220816,16/8/2022,16,8,2022,3,33,2,FALSE
20220817,17/8/2022,17,8,2022,3,33,3,FALSE
20220818,18/8/2022,18,8,2022,3,33,4,FALSE
20220819,19/8/2022,19,8,2022,3,33,5,FALSE
20220820,20/8/2022,20,8,2022,3,33,6,TRUE
20220821,21/8/2022,21,8,2022,3,33,7,TRUE
20220822,22/8/2022,22,8,2022,3,34,1,FALSE
20220823,23/8/2022,23,8,2022,3,34,2,FALSE
20220824,24/8/2022,24,8,2022,3,34,3,FALSE
20220825,25/8/2022,25,8,2022,3,34,4,FALSE
20220826,26/8/2022,26,8,2022,3,34,5,FALSE
20220827,27/8/2022,27,8,2022,3,34,6,TRUE
20220828,28/8/2022,28,8,2022,3,34,7,TRUE
20220829,29/8/2022,29,8,2022,3,35,1,FALSE
20220830,30/8/2022,30,8,2022,3,35,2,FALSE
20220831,31/8/2022,31,8,2022,3,35,3,FALSE
20220901,1/9/2022,1,9,2022,3,35,4,FALSE
20220902,2/9/2022,2,9,2022,3,35,5,FALSE
20220903,3/9/2022,3,9,2022,3,35,6,TRUE
20220904,4/9/2022,4,9,2022,3,35,7,TRUE
20220905,5/9/2022,5,9,2022,3,36,1,FALSE
20220906,6/9/2022,6,9,2022,3,36,2,FALSE
20220907,7/9/2022,7,9,2022,3,36,3,FALSE
20220908,8/9/2022,8,9,2022,3,36,4,FALSE
20220909,9/9/2022,9,9,2022,3,36,5,FALSE
20220910,10/9/2022,10,9,2022,3,36,6,TRUE
20220911,11/9/2022,11,9,2022,3,36,7,TRUE
20220912,12/9/2022,12,9,2022,3,37,1,FALSE
20220913,13/9/2022,13,9,2022,3,37,2,FALSE
20220914,14/9/2022,14,9,2022,3,37,3,FALSE
20220915,15/9/2022,15,9,2022,3,37,4,FALSE
20220916,16/9/2022,16,9,2022,3,37,5,FALSE
20220917,17/9/2022,17,9,2022,3,37,6,TRUE
20220918,18/9/2022,18,9,2022,3,37,7,TRUE
20220919,19/9/2022,19,9,2022,3,38,1,FALSE
20220920,20/9/2022,20,9,2022,3,38,2,FALSE
20220921,21/9/2022,21,9,2022,3,38,3,FALSE
20220922,22/9/2022,22,9,2022,3,38,4,FALSE
20220923,23/9/2022,23,9,2022,3,38,5,FALSE
20220924,24/9/2022,24,9,2022,3,38,6,TRUE
20220925,25/9/2022,25,9,2022,3,38,7,TRUE
20220926,26/9/2022,26,9,2022,3,39,1,FALSE
20220927,27/9/2022,27,9,2022,3,39,2,FALSE
20220928,28/9/2022,28,9,2022,3,39,3,FALSE
20220929,29/9/2022,29,9,2022,3,39,4,FALSE
20220930,30/9/2022,30,9,2022,3,39,5,FALSE
20221001,1/10/2022,1,10,2022,4,39,6,TRUE
20221002,2/10/2022,2,10,2022,4,39,7,TRUE
20221003,3/10/2022,3,10,2022,4,40,1,FALSE
20221004,4/10/2022,4,10,2022,4,40,2,FALSE
20221005,5/10/2022,5,10,2022,4,40,3,FALSE
20221006,6/10/2022,6,10,2022,4,40,4,FALSE
20221007,7/10/2022,7,10,2022,4,40,5,FALSE
20221008,8/10/2022,8,10,2022,4,40,6,TRUE
20221009,9/10/2022,9,10,2022,4,40,7,TRUE
20221010,10/10/2022,10,10,2022,4,41,1,FALSE
20221011,11/10/2022,11,10,2022,4,41,2,FALSE
20221012,12/10/2022,12,10,2022,4,41,3,FALSE
20221013,13/10/2022,13,10,2022,4,41,4,FALSE
20221014,14/10/2022,14,10,2022,4,41,5,FALSE
20221015,15/10/2022,15,10,2022,4,41,6,TRUE
20221016,16/10/2022,16,10,2022,4,41,7,TRUE
20221017,17/10/2022,17,10,2022,4,42,1,FALSE
20221018,18/10/2022,18,10,2022,4,42,2,FALSE
20221019,19/10/2022,19,10,2022,4,42,3,FALSE
20221020,20/10/2022,20,10,2022,4,42,4,FALSE
20221021,21/10/2022,21,10,2022,4,42,5,FALSE
20221022,22/10/2022,22,10,2022,4,42,6,TRUE
20221023,23/10/2022,23,10,2022,4,42,7,TRUE
20221024,24/10/2022,24,10,2022,4,43,1,FALSE
20221025,25/10/2022,25,10,2022,4,43,2,FALSE
20221026,26/10/2022,26,10,2022,4,43,3,FALSE
20221027,27/10/2022,27,10,2022,4,43,4,FALSE
20221028,28/10/2022,28,10,2022,4,43,5,FALSE
20221029,29/10/2022,29,10,2022,4,43,6,TRUE
20221030,30/10/2022,30,10,2022,4,43,7,TRUE
20221031,31/10/2022,31,10,2022,4,44,1,FALSE
20221101,1/11/2022,1,11,2022,4,44,2,FALSE
20221102,2/11/2022,2,11,2022,4,44,3,FALSE
20221103,3/11/2022,3,11,2022,4,44,4,FALSE
20221104,4/11/2022,4,11,2022,4,44,5,FALSE
20221105,5/11/2022,5,11,2022,4,44,6,TRUE
20221106,6/11/2022,6,11,2022,4,44,7,TRUE
20221107,7/11/2022,7,11,2022,4,45,1,FALSE
20221108,8/11/2022,8,11,2022,4,45,2,FALSE
20221109,9/11/2022,9,11,2022,4,45,3,FALSE
20221110,10/11/2022,10,11,2022,4,45,4,FALSE
20221111,11/11/2022,11,11,2022,4,45,5,FALSE
20221112,12/11/2022,12,11,2022,4,45,6,TRUE
20221113,13/11/2022,13,11,2022,4,45,7,TRUE
20221114,14/11/2022,14,11,2022,4,46,1,FALSE
20221115,15/11/2022,15,11,2022,4,46,2,FALSE
20221116,16/11/2022,16,11,2022,4,46,3,FALSE
20221117,17/11/2022,17,11,2022,4,46,4,FALSE
20221118,18/11/2022,18,11,2022,4,46,5,FALSE
20221119,19/11/2022,19,11,2022,4,46,6,TRUE
20221120,20/11/2022,20,11,2022,4,46,7,TRUE
20221121,21/11/2022,21,11,2022,4,47,1,FALSE
20221122,22/11/2022,22,11,2022,4,47,2,FALSE
20221123,23/11/2022,23,11,2022,4,47,3,FALSE
20221124,24/11/2022,24,11,2022,4,47,4,FALSE
20221125,25/11/2022,25,11,2022,4,47,5,FALSE
20221126,26/11/2022,26,11,2022,4,47,6,TRUE
20221127,27/11/2022,27,11,2022,4,47,7,TRUE
20221128,28/11/2022,28,11,2022,4,48,1,FALSE
20221129,29/11/2022,29,11,2022,4,48,2,FALSE
20221130,30/11/2022,30,11,2022,4,48,3,FALSE
20221201,1/12/2022,1,12,2022,4,48,4,FALSE
20221202,2/12/2022,2,12,2022,4,48,5,FALSE
20221203,3/12/2022,3,12,2022,4,48,6,TRUE
20221204,4/12/2022,4,12,2022,4,48,7,TRUE
20221205,5/12/2022,5,12,2022,4,49,1,FALSE
20221206,6/12/2022,6,12,2022,4,49,2,FALSE
20221207,7/12/2022,7,12,2022,4,49,3,FALSE
20221208,8/12/2022,8,12,2022,4,49,4,FALSE
20221209,9/12/2022,9,12,2022,4,49,5,FALSE
20221210,10/12/2022,10,12,2022,4,49,6,TRUE
20221211,11/12/2022,11,12,2022,4,49,7,TRUE
20221212,12/12/2022,12,12,2022,4,50,1,FALSE
20221213,13/12/2022,13,12,2022,4,50,2,FALSE
20221214,14/12/2022,14,12,2022,4,50,3,FALSE
20221215,15/12/2022,15,12,2022,4,50,4,FALSE
20221216,16/12/2022,16,12,2022,4,50,5,FALSE
20221217,17/12/2022,17,12,2022,4,50,6,TRUE
20221218,18/12/2022,18,12,2022,4,50,7,TRUE
20221219,19/12/2022,19,12,2022,4,51,1,FALSE
20221220,20/12/2022,20,12,2022,4,51,2,FALSE
20221221,21/12/2022,21,12,2022,4,51,3,FALSE
20221222,22/12/2022,22,12,2022,4,51,4,FALSE
20221223,23/12/2022,23,12,2022,4,51,5,FALSE
20221224,24/12/2022,24,12,2022,4,51,6,TRUE
20221225,25/12/2022,25,12,2022,4,51,7,TRUE
20221226,26/12/2022,26,12,2022,4,52,1,FALSE
20221227,27/12/2022,27,12,2022,4,52,2,FALSE
20221228,28/12/2022,28,12,2022,4,52,3,FALSE
20221229,29/12/2022,29,12,2022,4,52,4,FALSE
20221230,30/12/2022,30,12,2022,4,52,5,FALSE
20221231,31/12/2022,31,12,2022,4,52,6,TRUE
20230101,1/1/2023,1,1,2023,1,52,7,TRUE
20230102,2/1/2023,2,1,2023,1,1,1,FALSE
20230103,3/1/2023,3,1,2023,1,1,2,FALSE
20230104,4/1/2023,4,1,2023,1,1,3,FALSE
20230105,5/1/2023,5,1,2023,1,1,4,FALSE
20230106,6/1/2023,6,1,2023,1,1,5,FALSE
20230107,7/1/2023,7,1,2023,1,1,6,TRUE
20230108,8/1/2023,8,1,2023,1,1,7,TRUE
20230109,9/1/2023,9,1,2023,1,2,1,FALSE
20230110,10/1/2023,10,1,2023,1,2,2,FALSE
20230111,11/1/2023,11,1,2023,1,2,3,FALSE
20230112,12/1/2023,12,1,2023,1,2,4,FALSE
20230113,13/1/2023,13,1,2023,1,2,5,FALSE
20230114,14/1/2023,14,1,2023,1,2,6,TRUE
20230115,15/1/2023,15,1,2023,1,2,7,TRUE
20230116,16/1/2023,16,1,2023,1,3,1,FALSE
20230117,17/1/2023,17,1,2023,1,3,2,FALSE
20230118,18/1/2023,18,1,2023,1,3,3,FALSE
20230119,19/1/2023,19,1,2023,1,3,4,FALSE
20230120,20/1/2023,20,1,2023,1,3,5,FALSE
20230121,21/1/2023,21,1,2023,1,3,6,TRUE
20230122,22/1/2023,22,1,2023,1,3,7,TRUE
20230123,23/1/2023,23,1,2023,1,4,1,FALSE
20230124,24/1/2023,24,1,2023,1,4,2,FALSE
20230125,25/1/2023,25,1,2023,1,4,3,FALSE
20230126,26/1/2023,26,1,2023,1,4,4,FALSE
20230127,27/1/2023,27,1,2023,1,4,5,FALSE
20230128,28/1/2023,28,1,2023,1,4,6,TRUE
20230129,29/1/2023,29,1,2023,1,4,7,TRUE
20230130,30/1/2023,30,1,2023,1,5,1,FALSE
20230131,31/1/2023,31,1,2023,1,5,2,FALSE
20230201,1/2/2023,1,2,2023,1,5,3,FALSE
20230202,2/2/2023,2,2,2023,1,5,4,FALSE
20230203,3/2/2023,3,2,2023,1,5,5,FALSE
20230204,4/2/2023,4,2,2023,1,5,6,TRUE
20230205,5/2/2023,5,2,2023,1,5,7,TRUE
20230206,6/2/2023,6,2,2023,1,6,1,FALSE
20230207,7/2/2023,7,2,2023,1,6,2,FALSE
20230208,8/2/2023,8,2,2023,1,6,3,FALSE
20230209,9/2/2023,9,2,2023,1,6,4,FALSE
20230210,10/2/2023,10,2,2023,1,6,5,FALSE
20230211,11/2/2023,11,2,2023,1,6,6,TRUE
20230212,12/2/2023,12,2,2023,1,6,7,TRUE
20230213,13/2/2023,13,2,2023,1,7,1,FALSE
20230214,14/2/2023,14,2,2023,1,7,2,FALSE
20230215,15/2/2023,15,2,2023,1,7,3,FALSE
20230216,16/2/2023,16,2,2023,1,7,4,FALSE
20230217,17/2/2023,17,2,2023,1,7,5,FALSE
20230218,18/2/2023,18,2,2023,1,7,6,TRUE
20230219,19/2/2023,19,2,2023,1,7,7,TRUE
20230220,20/2/2023,20,2,2023,1,8,1,FALSE
20230221,21/2/2023,21,2,2023,1,8,2,FALSE
20230222,22/2/2023,22,2,2023,1,8,3,FALSE
20230223,23/2/2023,23,2,2023,1,8,4,FALSE
20230224,24/2/2023,24,2,2023,1,8,5,FALSE
20230225,25/2/2023,25,2,2023,1,8,6,TRUE
20230226,26/2/2023,26,2,2023,1,8,7,TRUE
20230227,27/2/2023,27,2,2023,1,9,1,FALSE
20230228,28/2/2023,28,2,2023,1,9,2,FALSE
20230301,1/3/2023,1,3,2023,1,9,3,FALSE
20230302,2/3/2023,2,3,2023,1,9,4,FALSE
20230303,3/3/2023,3,3,2023,1,9,5,FALSE
20230304,4/3/2023,4,3,2023,1,9,6,TRUE
20230305,5/3/2023,5,3,2023,1,9,7,TRUE
20230306,6/3/2023,6,3,2023,1,10,1,FALSE
20230307,7/3/2023,7,3,2023,1,10,2,FALSE
20230308,8/3/2023,8,3,2023,1,10,3,FALSE
20230309,9/3/2023,9,3,2023,1,10,4,FALSE
20230310,10/3/2023,10,3,2023,1,10,5,FALSE
20230311,11/3/2023,11,3,2023,1,10,6,TRUE
20230312,12/3/2023,12,3,2023,1,10,7,TRUE
20230313,13/3/2023,13,3,2023,1,11,1,FALSE
20230314,14/3/2023,14,3,2023,1,11,2,FALSE
20230315,15/3/2023,15,3,2023,1,11,3,FALSE
20230316,16/3/2023,16,3,2023,1,11,4,FALSE
20230317,17/3/2023,17,3,2023,1,11,5,FALSE
20230318,18/3/2023,18,3,2023,1,11,6,TRUE
20230319,19/3/2023,19,3,2023,1,11,7,TRUE
20230320,20/3/2023,20,3,2023,1,12,1,FALSE
20230321,21/3/2023,21,3,2023,1,12,2,FALSE
20230322,22/3/2023,22,3,2023,1,12,3,FALSE
20230323,23/3/2023,23,3,2023,1,12,4,FALSE
20230324,24/3/2023,24,3,2023,1,12,5,FALSE
20230325,25/3/2023,25,3,2023,1,12,6,TRUE
20230326,26/3/2023,26,3,2023,1,12,7,TRUE
20230327,27/3/2023,27,3,2023,1,13,1,FALSE
20230328,28/3/2023,28,3,2023,1,13,2,FALSE
20230329,29/3/2023,29,3,2023,1,13,3,FALSE
20230330,30/3/2023,30,3,2023,1,13,4,FALSE
20230331,31/3/2023,31,3,2023,1,13,5,FALSE
20230401,1/4/2023,1,4,2023,2,13,6,TRUE
20230402,2/4/2023,2,4,2023,2,13,7,TRUE
20230403,3/4/2023,3,4,2023,2,14,1,FALSE
20230404,4/4/2023,4,4,2023,2,14,2,FALSE
20230405,5/4/2023,5,4,2023,2,14,3,FALSE
20230406,6/4/2023,6,4,2023,2,14,4,FALSE
20230407,7/4/2023,7,4,2023,2,14,5,FALSE
20230408,8/4/2023,8,4,2023,2,14,6,TRUE
20230409,9/4/2023,9,4,2023,2,14,7,TRUE
20230410,10/4/2023,10,4,2023,2,15,1,FALSE
20230411,11/4/2023,11,4,2023,2,15,2,FALSE
20230412,12/4/2023,12,4,2023,2,15,3,FALSE
20230413,13/4/2023,13,4,2023,2,15,4,FALSE
20230414,14/4/2023,14,4,2023,2,15,5,FALSE
20230415,15/4/2023,15,4,2023,2,15,6,TRUE
20230416,16/4/2023,16,4,2023,2,15,7,TRUE
20230417,17/4/2023,17,4,2023,2,16,1,FALSE
20230418,18/4/2023,18,4,2023,2,16,2,FALSE
20230419,19/4/2023,19,4,2023,2,16,3,FALSE
20230420,20/4/2023,20,4,2023,2,16,4,FALSE
20230421,21/4/2023,21,4,2023,2,16,5,FALSE
20230422,22/4/2023,22,4,2023,2,16,6,TRUE
20230423,23/4/2023,23,4,2023,2,16,7,TRUE
20230424,24/4/2023,24,4,2023,2,17,1,FALSE
20230425,25/4/2023,25,4,2023,2,17,2,FALSE
20230426,26/4/2023,26,4,2023,2,17,3,FALSE
20230427,27/4/2023,27,4,2023,2,17,4,FALSE
20230428,28/4/2023,28,4,2023,2,17,5,FALSE
20230429,29/4/2023,29,4,2023,2,17,6,TRUE
20230430,30/4/2023,30,4,2023,2,17,7,TRUE
20230501,1/5/2023,1,5,2023,2,18,1,FALSE
20230502,2/5/2023,2,5,2023,2,18,2,FALSE
20230503,3/5/2023,3,5,2023,2,18,3,FALSE
20230504,4/5/2023,4,5,2023,2,18,4,FALSE
20230505,5/5/2023,5,5,2023,2,18,5,FALSE
20230506,6/5/2023,6,5,2023,2,18,6,TRUE
20230507,7/5/2023,7,5,2023,2,18,7,TRUE
20230508,8/5/2023,8,5,2023,2,19,1,FALSE
20230509,9/5/2023,9,5,2023,2,19,2,FALSE
20230510,10/5/2023,10,5,2023,2,19,3,FALSE
20230511,11/5/2023,11,5,2023,2,19,4,FALSE
20230512,12/5/2023,12,5,2023,2,19,5,FALSE
20230513,13/5/2023,13,5,2023,2,19,6,TRUE
20230514,14/5/2023,14,5,2023,2,19,7,TRUE
20230515,15/5/2023,15,5,2023,2,20,1,FALSE
20230516,16/5/2023,16,5,2023,2,20,2,FALSE
20230517,17/5/2023,17,5,2023,2,20,3,FALSE
20230518,18/5/2023,18,5,2023,2,20,4,FALSE
20230519,19/5/2023,19,5,2023,2,20,5,FALSE
20230520,20/5/2023,20,5,2023,2,20,6,TRUE
20230521,21/5/2023,21,5,2023,2,20,7,TRUE
20230522,22/5/2023,22,5,2023,2,21,1,FALSE
20230523,23/5/2023,23,5,2023,2,21,2,FALSE
20230524,24/5/2023,24,5,2023,2,21,3,FALSE
20230525,25/5/2023,25,5,2023,2,21,4,FALSE
20230526,26/5/2023,26,5,2023,2,21,5,FALSE
20230527,27/5/2023,27,5,2023,2,21,6,TRUE
20230528,28/5/2023,28,5,2023,2,21,7,TRUE
20230529,29/5/2023,29,5,2023,2,22,1,FALSE
20230530,30/5/2023,30,5,2023,2,22,2,FALSE
20230531,31/5/2023,31,5,2023,2,22,3,FALSE
20230601,1/6/2023,1,6,2023,2,22,4,FALSE
20230602,2/6/2023,2,6,2023,2,22,5,FALSE
20230603,3/6/2023,3,6,2023,2,22,6,TRUE
20230604,4/6/2023,4,6,2023,2,22,7,TRUE
20230605,5/6/2023,5,6,2023,2,23,1,FALSE
20230606,6/6/2023,6,6,2023,2,23,2,FALSE
20230607,7/6/2023,7,6,2023,2,23,3,FALSE
20230608,8/6/2023,8,6,2023,2,23,4,FALSE
20230609,9/6/2023,9,6,2023,2,23,5,FALSE
20230610,10/6/2023,10,6,2023,2,23,6,TRUE
20230611,11/6/2023,11,6,2023,2,23,7,TRUE
20230612,12/6/2023,12,6,2023,2,24,1,FALSE
20230613,13/6/2023,13,6,2023,2,24,2,FALSE
20230614,14/6/2023,14,6,2023,2,24,3,FALSE
20230615,15/6/2023,15,6,2023,2,24,4,FALSE
20230616,16/6/2023,16,6,2023,2,24,5,FALSE
20230617,17/6/2023,17,6,2023,2,24,6,TRUE
20230618,18/6/2023,18,6,2023,2,24,7,TRUE
20230619,19/6/2023,19,6,2023,2,25,1,FALSE
20230620,20/6/2023,20,6,2023,2,25,2,FALSE
20230621,21/6/2023,21,6,2023,2,25,3,FALSE
20230622,22/6/2023,22,6,2023,2,25,4,FALSE
20230623,23/6/2023,23,6,2023,2,25,5,FALSE
20230624,24/6/2023,24,6,2023,2,25,6,TRUE
20230625,25/6/2023,25,6,2023,2,25,7,TRUE
20230626,26/6/2023,26,6,2023,2,26,1,FALSE
20230627,27/6/2023,27,6,2023,2,26,2,FALSE
20230628,28/6/2023,28,6,2023,2,26,3,FALSE
20230629,29/6/2023,29,6,2023,2,26,4,FALSE
20230630,30/6/2023,30,6,2023,2,26,5,FALSE
20230701,1/7/2023,1,7,2023,3,26,6,TRUE
20230702,2/7/2023,2,7,2023,3,26,7,TRUE
20230703,3/7/2023,3,7,2023,3,27,1,FALSE
20230704,4/7/2023,4,7,2023,3,27,2,FALSE
20230705,5/7/2023,5,7,2023,3,27,3,FALSE
20230706,6/7/2023,6,7,2023,3,27,4,FALSE
20230707,7/7/2023,7,7,2023,3,27,5,FALSE
20230708,8/7/2023,8,7,2023,3,27,6,TRUE
20230709,9/7/2023,9,7,2023,3,27,7,TRUE
20230710,10/7/2023,10,7,2023,3,28,1,FALSE
20230711,11/7/2023,11,7,2023,3,28,2,FALSE
20230712,12/7/2023,12,7,2023,3,28,3,FALSE
20230713,13/7/2023,13,7,2023,3,28,4,FALSE
20230714,14/7/2023,14,7,2023,3,28,5,FALSE
20230715,15/7/2023,15,7,2023,3,28,6,TRUE
20230716,16/7/2023,16,7,2023,3,28,7,TRUE
20230717,17/7/2023,17,7,2023,3,29,1,FALSE
20230718,18/7/2023,18,7,2023,3,29,2,FALSE
20230719,19/7/2023,19,7,2023,3,29,3,FALSE
20230720,20/7/2023,20,7,2023,3,29,4,FALSE
20230721,21/7/2023,21,7,2023,3,29,5,FALSE
20230722,22/7/2023,22,7,2023,3,29,6,TRUE
20230723,23/7/2023,23,7,2023,3,29,7,TRUE
20230724,24/7/2023,24,7,2023,3,30,1,FALSE
20230725,25/7/2023,25,7,2023,3,30,2,FALSE
20230726,26/7/2023,26,7,2023,3,30,3,FALSE
20230727,27/7/2023,27,7,2023,3,30,4,FALSE
20230728,28/7/2023,28,7,2023,3,30,5,FALSE
20230729,29/7/2023,29,7,2023,3,30,6,TRUE
20230730,30/7/2023,30,7,2023,3,30,7,TRUE
20230731,31/7/2023,31,7,2023,3,31,1,FALSE
20230801,1/8/2023,1,8,2023,3,31,2,FALSE
20230802,2/8/2023,2,8,2023,3,31,3,FALSE
20230803,3/8/2023,3,8,2023,3,31,4,FALSE
20230804,4/8/2023,4,8,2023,3,31,5,FALSE
20230805,5/8/2023,5,8,2023,3,31,6,TRUE
20230806,6/8/2023,6,8,2023,3,31,7,TRUE
20230807,7/8/2023,7,8,2023,3,32,1,FALSE
20230808,8/8/2023,8,8,2023,3,32,2,FALSE
20230809,9/8/2023,9,8,2023,3,32,3,FALSE
20230810,10/8/2023,10,8,2023,3,32,4,FALSE
20230811,11/8/2023,11,8,2023,3,32,5,FALSE
20230812,12/8/2023,12,8,2023,3,32,6,TRUE
20230813,13/8/2023,13,8,2023,3,32,7,TRUE
20230814,14/8/2023,14,8,2023,3,33,1,FALSE
20230815,15/8/2023,15,8,2023,3,33,2,FALSE
20230816,16/8/2023,16,8,2023,3,33,3,FALSE
20230817,17/8/2023,17,8,2023,3,33,4,FALSE
20230818,18/8/2023,18,8,2023,3,33,5,FALSE
20230819,19/8/2023,19,8,2023,3,33,6,TRUE
20230820,20/8/2023,20,8,2023,3,33,7,TRUE
20230821,21/8/2023,21,8,2023,3,34,1,FALSE
20230822,22/8/2023,22,8,2023,3,34,2,FALSE
20230823,23/8/2023,23,8,2023,3,34,3,FALSE
20230824,24/8/2023,24,8,2023,3,34,4,FALSE
20230825,25/8/2023,25,8,2023,3,34,5,FALSE
20230826,26/8/2023,26,8,2023,3,34,6,TRUE
20230827,27/8/2023,27,8,2023,3,34,7,TRUE
20230828,28/8/2023,28,8,2023,3,35,1,FALSE
20230829,29/8/2023,29,8,2023,3,35,2,FALSE
20230830,30/8/2023,30,8,2023,3,35,3,FALSE
20230831,31/8/2023,31,8,2023,3,35,4,FALSE
20230901,1/9/2023,1,9,2023,3,35,5,FALSE
20230902,2/9/2023,2,9,2023,3,35,6,TRUE
20230903,3/9/2023,3,9,2023,3,35,7,TRUE
20230904,4/9/2023,4,9,2023,3,36,1,FALSE
20230905,5/9/2023,5,9,2023,3,36,2,FALSE
20230906,6/9/2023,6,9,2023,3,36,3,FALSE
20230907,7/9/2023,7,9,2023,3,36,4,FALSE
20230908,8/9/2023,8,9,2023,3,36,5,FALSE
20230909,9/9/2023,9,9,2023,3,36,6,TRUE
20230910,10/9/2023,10,9,2023,3,36,7,TRUE
20230911,11/9/2023,11,9,2023,3,37,1,FALSE
20230912,12/9/2023,12,9,2023,3,37,2,FALSE
20230913,13/9/2023,13,9,2023,3,37,3,FALSE
20230914,14/9/2023,14,9,2023,3,37,4,FALSE
20230915,15/9/2023,15,9,2023,3,37,5,FALSE
20230916,16/9/2023,16,9,2023,3,37,6,TRUE
20230917,17/9/2023,17,9,2023,3,37,7,TRUE
20230918,18/9/2023,18,9,2023,3,38,1,FALSE
20230919,19/9/2023,19,9,2023,3,38,2,FALSE
20230920,20/9/2023,20,9,2023,3,38,3,FALSE
20230921,21/9/2023,21,9,2023,3,38,4,FALSE
20230922,22/9/2023,22,9,2023,3,38,5,FALSE
20230923,23/9/2023,23,9,2023,3,38,6,TRUE
20230924,24/9/2023,24,9,2023,3,38,7,TRUE
20230925,25/9/2023,25,9,2023,3,39,1,FALSE
20230926,26/9/2023,26,9,2023,3,39,2,FALSE
20230927,27/9/2023,27,9,2023,3,39,3,FALSE
20230928,28/9/2023,28,9,2023,3,39,4,FALSE
20230929,29/9/2023,29,9,2023,3,39,5,FALSE
20230930,30/9/2023,30,9,2023,3,39,6,TRUE
20231001,1/10/2023,1,10,2023,4,39,7,TRUE
20231002,2/10/2023,2,10,2023,4,40,1,FALSE
20231003,3/10/2023,3,10,2023,4,40,2,FALSE
20231004,4/10/2023,4,10,2023,4,40,3,FALSE
20231005,5/10/2023,5,10,2023,4,40,4,FALSE
20231006,6/10/2023,6,10,2023,4,40,5,FALSE
20231007,7/10/2023,7,10,2023,4,40,6,TRUE
20231008,8/10/2023,8,10,2023,4,40,7,TRUE
20231009,9/10/2023,9,10,2023,4,41,1,FALSE
20231010,10/10/2023,10,10,2023,4,41,2,FALSE
20231011,11/10/2023,11,10,2023,4,41,3,FALSE
20231012,12/10/2023,12,10,2023,4,41,4,FALSE
20231013,13/10/2023,13,10,2023,4,41,5,FALSE
20231014,14/10/2023,14,10,2023,4,41,6,TRUE
20231015,15/10/2023,15,10,2023,4,41,7,TRUE
20231016,16/10/2023,16,10,2023,4,42,1,FALSE
20231017,17/10/2023,17,10,2023,4,42,2,FALSE
20231018,18/10/2023,18,10,2023,4,42,3,FALSE
20231019,19/10/2023,19,10,2023,4,42,4,FALSE
20231020,20/10/2023,20,10,2023,4,42,5,FALSE
20231021,21/10/2023,21,10,2023,4,42,6,TRUE
20231022,22/10/2023,22,10,2023,4,42,7,TRUE
20231023,23/10/2023,23,10,2023,4,43,1,FALSE
20231024,24/10/2023,24,10,2023,4,43,2,FALSE
20231025,25/10/2023,25,10,2023,4,43,3,FALSE
20231026,26/10/2023,26,10,2023,4,43,4,FALSE
20231027,27/10/2023,27,10,2023,4,43,5,FALSE
20231028,28/10/2023,28,10,2023,4,43,6,TRUE
20231029,29/10/2023,29,10,2023,4,43,7,TRUE
20231030,30/10/2023,30,10,2023,4,44,1,FALSE
20231031,31/10/2023,31,10,2023,4,44,2,FALSE
20231101,1/11/2023,1,11,2023,4,44,3,FALSE
20231102,2/11/2023,2,11,2023,4,44,4,FALSE
20231103,3/11/2023,3,11,2023,4,44,5,FALSE
20231104,4/11/2023,4,11,2023,4,44,6,TRUE
20231105,5/11/2023,5,11,2023,4,44,7,TRUE
20231106,6/11/2023,6,11,2023,4,45,1,FALSE
20231107,7/11/2023,7,11,2023,4,45,2,FALSE
20231108,8/11/2023,8,11,2023,4,45,3,FALSE
20231109,9/11/2023,9,11,2023,4,45,4,FALSE
20231110,10/11/2023,10,11,2023,4,45,5,FALSE
20231111,11/11/2023,11,11,2023,4,45,6,TRUE
20231112,12/11/2023,12,11,2023,4,45,7,TRUE
20231113,13/11/2023,13,11,2023,4,46,1,FALSE
20231114,14/11/2023,14,11,2023,4,46,2,FALSE
20231115,15/11/2023,15,11,2023,4,46,3,FALSE
20231116,16/11/2023,16,11,2023,4,46,4,FALSE
20231117,17/11/2023,17,11,2023,4,46,5,FALSE
20231118,18/11/2023,18,11,2023,4,46,6,TRUE
20231119,19/11/2023,19,11,2023,4,46,7,TRUE
20231120,20/11/2023,20,11,2023,4,47,1,FALSE
20231121,21/11/2023,21,11,2023,4,47,2,FALSE
20231122,22/11/2023,22,11,2023,4,47,3,FALSE
20231123,23/11/2023,23,11,2023,4,47,4,FALSE
20231124,24/11/2023,24,11,2023,4,47,5,FALSE
20231125,25/11/2023,25,11,2023,4,47,6,TRUE
20231126,26/11/2023,26,11,2023,4,47,7,TRUE
20231127,27/11/2023,27,11,2023,4,48,1,FALSE
20231128,28/11/2023,28,11,2023,4,48,2,FALSE
20231129,29/11/2023,29,11,2023,4,48,3,FALSE
20231130,30/11/2023,30,11,2023,4,48,4,FALSE
20231201,1/12/2023,1,12,2023,4,48,5,FALSE
20231202,2/12/2023,2,12,2023,4,48,6,TRUE
20231203,3/12/2023,3,12,2023,4,48,7,TRUE
20231204,4/12/2023,4,12,2023,4,49,1,FALSE
20231205,5/12/2023,5,12,2023,4,49,2,FALSE
20231206,6/12/2023,6,12,2023,4,49,3,FALSE
20231207,7/12/2023,7,12,2023,4,49,4,FALSE
20231208,8/12/2023,8,12,2023,4,49,5,FALSE
20231209,9/12/2023,9,12,2023,4,49,6,TRUE
20231210,10/12/2023,10,12,2023,4,49,7,TRUE
20231211,11/12/2023,11,12,2023,4,50,1,FALSE
20231212,12/12/2023,12,12,2023,4,50,2,FALSE
20231213,13/12/2023,13,12,2023,4,50,3,FALSE
20231214,14/12/2023,14,12,2023,4,50,4,FALSE
20231215,15/12/2023,15,12,2023,4,50,5,FALSE
20231216,16/12/2023,16,12,2023,4,50,6,TRUE
20231217,17/12/2023,17,12,2023,4,50,7,TRUE
20231218,18/12/2023,18,12,2023,4,51,1,FALSE
20231219,19/12/2023,19,12,2023,4,51,2,FALSE
20231220,20/12/2023,20,12,2023,4,51,3,FALSE
20231221,21/12/2023,21,12,2023,4,51,4,FALSE
20231222,22/12/2023,22,12,2023,4,51,5,FALSE
20231223,23/12/2023,23,12,2023,4,51,6,TRUE
20231224,24/12/2023,24,12,2023,4,51,7,TRUE
20231225,25/12/2023,25,12,2023,4,52,1,FALSE
20231226,26/12/2023,26,12,2023,4,52,2,FALSE
20231227,27/12/2023,27,12,2023,4,52,3,FALSE
20231228,28/12/2023,28,12,2023,4,52,4,FALSE
20231229,29/12/2023,29,12,2023,4,52,5,FALSE
20231230,30/12/2023,30,12,2023,4,52,6,TRUE
20231231,31/12/2023,31,12,2023,4,52,7,TRUE
20240101,1/1/2024,1,1,2024,1,1,1,FALSE
20240102,2/1/2024,2,1,2024,1,1,2,FALSE
20240103,3/1/2024,3,1,2024,1,1,3,FALSE
20240104,4/1/2024,4,1,2024,1,1,4,FALSE
20240105,5/1/2024,5,1,2024,1,1,5,FALSE
20240106,6/1/2024,6,1,2024,1,1,6,TRUE
20240107,7/1/2024,7,1,2024,1,1,7,TRUE
20240108,8/1/2024,8,1,2024,1,2,1,FALSE
20240109,9/1/2024,9,1,2024,1,2,2,FALSE
20240110,10/1/2024,10,1,2024,1,2,3,FALSE
20240111,11/1/2024,11,1,2024,1,2,4,FALSE
20240112,12/1/2024,12,1,2024,1,2,5,FALSE
20240113,13/1/2024,13,1,2024,1,2,6,TRUE
20240114,14/1/2024,14,1,2024,1,2,7,TRUE
20240115,15/1/2024,15,1,2024,1,3,1,FALSE
20240116,16/1/2024,16,1,2024,1,3,2,FALSE
20240117,17/1/2024,17,1,2024,1,3,3,FALSE
20240118,18/1/2024,18,1,2024,1,3,4,FALSE
20240119,19/1/2024,19,1,2024,1,3,5,FALSE
20240120,20/1/2024,20,1,2024,1,3,6,TRUE
20240121,21/1/2024,21,1,2024,1,3,7,TRUE
20240122,22/1/2024,22,1,2024,1,4,1,FALSE
20240123,23/1/2024,23,1,2024,1,4,2,FALSE
20240124,24/1/2024,24,1,2024,1,4,3,FALSE
20240125,25/1/2024,25,1,2024,1,4,4,FALSE
20240126,26/1/2024,26,1,2024,1,4,5,FALSE
20240127,27/1/2024,27,1,2024,1,4,6,TRUE
20240128,28/1/2024,28,1,2024,1,4,7,TRUE
20240129,29/1/2024,29,1,2024,1,5,1,FALSE
20240130,30/1/2024,30,1,2024,1,5,2,FALSE
20240131,31/1/2024,31,1,2024,1,5,3,FALSE
20240201,1/2/2024,1,2,2024,1,5,4,FALSE
20240202,2/2/2024,2,2,2024,1,5,5,FALSE
20240203,3/2/2024,3,2,2024,1,5,6,TRUE
20240204,4/2/2024,4,2,2024,1,5,7,TRUE
20240205,5/2/2024,5,2,2024,1,6,1,FALSE
20240206,6/2/2024,6,2,2024,1,6,2,FALSE
20240207,7/2/2024,7,2,2024,1,6,3,FALSE
20240208,8/2/2024,8,2,2024,1,6,4,FALSE
20240209,9/2/2024,9,2,2024,1,6,5,FALSE
20240210,10/2/2024,10,2,2024,1,6,6,TRUE
20240211,11/2/2024,11,2,2024,1,6,7,TRUE
20240212,12/2/2024,12,2,2024,1,7,1,FALSE
20240213,13/2/2024,13,2,2024,1,7,2,FALSE
20240214,14/2/2024,14,2,2024,1,7,3,FALSE
20240215,15/2/2024,15,2,2024,1,7,4,FALSE
20240216,16/2/2024,16,2,2024,1,7,5,FALSE
20240217,17/2/2024,17,2,2024,1,7,6,TRUE
20240218,18/2/2024,18,2,2024,1,7,7,TRUE
20240219,19/2/2024,19,2,2024,1,8,1,FALSE
20240220,20/2/2024,20,2,2024,1,8,2,FALSE
20240221,21/2/2024,21,2,2024,1,8,3,FALSE
20240222,22/2/2024,22,2,2024,1,8,4,FALSE
20240223,23/2/2024,23,2,2024,1,8,5,FALSE
20240224,24/2/2024,24,2,2024,1,8,6,TRUE
20240225,25/2/2024,25,2,2024,1,8,7,TRUE
20240226,26/2/2024,26,2,2024,1,9,1,FALSE
20240227,27/2/2024,27,2,2024,1,9,2,FALSE
20240228,28/2/2024,28,2,2024,1,9,3,FALSE
20240229,29/2/2024,29,2,2024,1,9,4,FALSE
20240301,1/3/2024,1,3,2024,1,9,5,FALSE
20240302,2/3/2024,2,3,2024,1,9,6,TRUE
20240303,3/3/2024,3,3,2024,1,9,7,TRUE
20240304,4/3/2024,4,3,2024,1,10,1,FALSE
20240305,5/3/2024,5,3,2024,1,10,2,FALSE
20240306,6/3/2024,6,3,2024,1,10,3,FALSE
20240307,7/3/2024,7,3,2024,1,10,4,FALSE
20240308,8/3/2024,8,3,2024,1,10,5,FALSE
20240309,9/3/2024,9,3,2024,1,10,6,TRUE
20240310,10/3/2024,10,3,2024,1,10,7,TRUE
20240311,11/3/2024,11,3,2024,1,11,1,FALSE
20240312,12/3/2024,12,3,2024,1,11,2,FALSE
20240313,13/3/2024,13,3,2024,1,11,3,FALSE
20240314,14/3/2024,14,3,2024,1,11,4,FALSE
20240315,15/3/2024,15,3,2024,1,11,5,FALSE
20240316,16/3/2024,16,3,2024,1,11,6,TRUE
20240317,17/3/2024,17,3,2024,1,11,7,TRUE
20240318,18/3/2024,18,3,2024,1,12,1,FALSE
20240319,19/3/2024,19,3,2024,1,12,2,FALSE
20240320,20/3/2024,20,3,2024,1,12,3,FALSE
20240321,21/3/2024,21,3,2024,1,12,4,FALSE
20240322,22/3/2024,22,3,2024,1,12,5,FALSE
20240323,23/3/2024,23,3,2024,1,12,6,TRUE
20240324,24/3/2024,24,3,2024,1,12,7,TRUE
20240325,25/3/2024,25,3,2024,1,13,1,FALSE
20240326,26/3/2024,26,3,2024,1,13,2,FALSE
20240327,27/3/2024,27,3,2024,1,13,3,FALSE
20240328,28/3/2024,28,3,2024,1,13,4,FALSE
20240329,29/3/2024,29,3,2024,1,13,5,FALSE
20240330,30/3/2024,30,3,2024,1,13,6,TRUE
20240331,31/3/2024,31,3,2024,1,13,7,TRUE
20240401,1/4/2024,1,4,2024,2,14,1,FALSE
20240402,2/4/2024,2,4,2024,2,14,2,FALSE
20240403,3/4/2024,3,4,2024,2,14,3,FALSE
20240404,4/4/2024,4,4,2024,2,14,4,FALSE
20240405,5/4/2024,5,4,2024,2,14,5,FALSE
20240406,6/4/2024,6,4,2024,2,14,6,TRUE
20240407,7/4/2024,7,4,2024,2,14,7,TRUE
20240408,8/4/2024,8,4,2024,2,15,1,FALSE
20240409,9/4/2024,9,4,2024,2,15,2,FALSE
20240410,10/4/2024,10,4,2024,2,15,3,FALSE
20240411,11/4/2024,11,4,2024,2,15,4,FALSE
20240412,12/4/2024,12,4,2024,2,15,5,FALSE
20240413,13/4/2024,13,4,2024,2,15,6,TRUE
20240414,14/4/2024,14,4,2024,2,15,7,TRUE
20240415,15/4/2024,15,4,2024,2,16,1,FALSE
20240416,16/4/2024,16,4,2024,2,16,2,FALSE
20240417,17/4/2024,17,4,2024,2,16,3,FALSE
20240418,18/4/2024,18,4,2024,2,16,4,FALSE
20240419,19/4/2024,19,4,2024,2,16,5,FALSE
20240420,20/4/2024,20,4,2024,2,16,6,TRUE
20240421,21/4/2024,21,4,2024,2,16,7,TRUE
20240422,22/4/2024,22,4,2024,2,17,1,FALSE
20240423,23/4/2024,23,4,2024,2,17,2,FALSE
20240424,24/4/2024,24,4,2024,2,17,3,FALSE
20240425,25/4/2024,25,4,2024,2,17,4,FALSE
20240426,26/4/2024,26,4,2024,2,17,5,FALSE
20240427,27/4/2024,27,4,2024,2,17,6,TRUE
20240428,28/4/2024,28,4,2024,2,17,7,TRUE
20240429,29/4/2024,29,4,2024,2,18,1,FALSE
20240430,30/4/2024,30,4,2024,2,18,2,FALSE
20240501,1/5/2024,1,5,2024,2,18,3,FALSE
20240502,2/5/2024,2,5,2024,2,18,4,FALSE
20240503,3/5/2024,3,5,2024,2,18,5,FALSE
20240504,4/5/2024,4,5,2024,2,18,6,TRUE
20240505,5/5/2024,5,5,2024,2,18,7,TRUE
20240506,6/5/2024,6,5,2024,2,19,1,FALSE
20240507,7/5/2024,7,5,2024,2,19,2,FALSE
20240508,8/5/2024,8,5,2024,2,19,3,FALSE
20240509,9/5/2024,9,5,2024,2,19,4,FALSE
20240510,10/5/2024,10,5,2024,2,19,5,FALSE
20240511,11/5/2024,11,5,2024,2,19,6,TRUE
20240512,12/5/2024,12,5,2024,2,19,7,TRUE
20240513,13/5/2024,13,5,2024,2,20,1,FALSE
20240514,14/5/2024,14,5,2024,2,20,2,FALSE
20240515,15/5/2024,15,5,2024,2,20,3,FALSE
20240516,16/5/2024,16,5,2024,2,20,4,FALSE
20240517,17/5/2024,17,5,2024,2,20,5,FALSE
20240518,18/5/2024,18,5,2024,2,20,6,TRUE
20240519,19/5/2024,19,5,2024,2,20,7,TRUE
20240520,20/5/2024,20,5,2024,2,21,1,FALSE
20240521,21/5/2024,21,5,2024,2,21,2,FALSE
20240522,22/5/2024,22,5,2024,2,21,3,FALSE
20240523,23/5/2024,23,5,2024,2,21,4,FALSE
20240524,24/5/2024,24,5,2024,2,21,5,FALSE
20240525,25/5/2024,25,5,2024,2,21,6,TRUE
20240526,26/5/2024,26,5,2024,2,21,7,TRUE
20240527,27/5/2024,27,5,2024,2,22,1,FALSE
20240528,28/5/2024,28,5,2024,2,22,2,FALSE
20240529,29/5/2024,29,5,2024,2,22,3,FALSE
20240530,30/5/2024,30,5,2024,2,22,4,FALSE
20240531,31/5/2024,31,5,2024,2,22,5,FALSE
20240601,1/6/2024,1,6,2024,2,22,6,TRUE
20240602,2/6/2024,2,6,2024,2,22,7,TRUE
20240603,3/6/2024,3,6,2024,2,23,1,FALSE
20240604,4/6/2024,4,6,2024,2,23,2,FALSE
20240605,5/6/2024,5,6,2024,2,23,3,FALSE
20240606,6/6/2024,6,6,2024,2,23,4,FALSE
20240607,7/6/2024,7,6,2024,2,23,5,FALSE
20240608,8/6/2024,8,6,2024,2,23,6,TRUE
20240609,9/6/2024,9,6,2024,2,23,7,TRUE
20240610,10/6/2024,10,6,2024,2,24,1,FALSE
20240611,11/6/2024,11,6,2024,2,24,2,FALSE
20240612,12/6/2024,12,6,2024,2,24,3,FALSE
20240613,13/6/2024,13,6,2024,2,24,4,FALSE
20240614,14/6/2024,14,6,2024,2,24,5,FALSE
20240615,15/6/2024,15,6,2024,2,24,6,TRUE
20240616,16/6/2024,16,6,2024,2,24,7,TRUE
20240617,17/6/2024,17,6,2024,2,25,1,FALSE
20240618,18/6/2024,18,6,2024,2,25,2,FALSE
20240619,19/6/2024,19,6,2024,2,25,3,FALSE
20240620,20/6/2024,20,6,2024,2,25,4,FALSE
20240621,21/6/2024,21,6,2024,2,25,5,FALSE
20240622,22/6/2024,22,6,2024,2,25,6,TRUE
20240623,23/6/2024,23,6,2024,2,25,7,TRUE
20240624,24/6/2024,24,6,2024,2,26,1,FALSE
20240625,25/6/2024,25,6,2024,2,26,2,FALSE
20240626,26/6/2024,26,6,2024,2,26,3,FALSE
20240627,27/6/2024,27,6,2024,2,26,4,FALSE
20240628,28/6/2024,28,6,2024,2,26,5,FALSE
20240629,29/6/2024,29,6,2024,2,26,6,TRUE
20240630,30/6/2024,30,6,2024,2,26,7,TRUE
20240701,1/7/2024,1,7,2024,3,27,1,FALSE
20240702,2/7/2024,2,7,2024,3,27,2,FALSE
20240703,3/7/2024,3,7,2024,3,27,3,FALSE
20240704,4/7/2024,4,7,2024,3,27,4,FALSE
20240705,5/7/2024,5,7,2024,3,27,5,FALSE
20240706,6/7/2024,6,7,2024,3,27,6,TRUE
20240707,7/7/2024,7,7,2024,3,27,7,TRUE
20240708,8/7/2024,8,7,2024,3,28,1,FALSE
20240709,9/7/2024,9,7,2024,3,28,2,FALSE
20240710,10/7/2024,10,7,2024,3,28,3,FALSE
20240711,11/7/2024,11,7,2024,3,28,4,FALSE
20240712,12/7/2024,12,7,2024,3,28,5,FALSE
20240713,13/7/2024,13,7,2024,3,28,6,TRUE
20240714,14/7/2024,14,7,2024,3,28,7,TRUE
20240715,15/7/2024,15,7,2024,3,29,1,FALSE
20240716,16/7/2024,16,7,2024,3,29,2,FALSE
20240717,17/7/2024,17,7,2024,3,29,3,FALSE
20240718,18/7/2024,18,7,2024,3,29,4,FALSE
20240719,19/7/2024,19,7,2024,3,29,5,FALSE
20240720,20/7/2024,20,7,2024,3,29,6,TRUE
20240721,21/7/2024,21,7,2024,3,29,7,TRUE
20240722,22/7/2024,22,7,2024,3,30,1,FALSE
20240723,23/7/2024,23,7,2024,3,30,2,FALSE
20240724,24/7/2024,24,7,2024,3,30,3,FALSE
20240725,25/7/2024,25,7,2024,3,30,4,FALSE
20240726,26/7/2024,26,7,2024,3,30,5,FALSE
20240727,27/7/2024,27,7,2024,3,30,6,TRUE
20240728,28/7/2024,28,7,2024,3,30,7,TRUE
20240729,29/7/2024,29,7,2024,3,31,1,FALSE
20240730,30/7/2024,30,7,2024,3,31,2,FALSE
20240731,31/7/2024,31,7,2024,3,31,3,FALSE
20240801,1/8/2024,1,8,2024,3,31,4,FALSE
20240802,2/8/2024,2,8,2024,3,31,5,FALSE
20240803,3/8/2024,3,8,2024,3,31,6,TRUE
20240804,4/8/2024,4,8,2024,3,31,7,TRUE
20240805,5/8/2024,5,8,2024,3,32,1,FALSE
20240806,6/8/2024,6,8,2024,3,32,2,FALSE
20240807,7/8/2024,7,8,2024,3,32,3,FALSE
20240808,8/8/2024,8,8,2024,3,32,4,FALSE
20240809,9/8/2024,9,8,2024,3,32,5,FALSE
20240810,10/8/2024,10,8,2024,3,32,6,TRUE
20240811,11/8/2024,11,8,2024,3,32,7,TRUE
20240812,12/8/2024,12,8,2024,3,33,1,FALSE
20240813,13/8/2024,13,8,2024,3,33,2,FALSE
20240814,14/8/2024,14,8,2024,3,33,3,FALSE
20240815,15/8/2024,15,8,2024,3,33,4,FALSE
20240816,16/8/2024,16,8,2024,3,33,5,FALSE
20240817,17/8/2024,17,8,2024,3,33,6,TRUE
20240818,18/8/2024,18,8,2024,3,33,7,TRUE
20240819,19/8/2024,19,8,2024,3,34,1,FALSE
20240820,20/8/2024,20,8,2024,3,34,2,FALSE
20240821,21/8/2024,21,8,2024,3,34,3,FALSE
20240822,22/8/2024,22,8,2024,3,34,4,FALSE
20240823,23/8/2024,23,8,2024,3,34,5,FALSE
20240824,24/8/2024,24,8,2024,3,34,6,TRUE
20240825,25/8/2024,25,8,2024,3,34,7,TRUE
20240826,26/8/2024,26,8,2024,3,35,1,FALSE
20240827,27/8/2024,27,8,2024,3,35,2,FALSE
20240828,28/8/2024,28,8,2024,3,35,3,FALSE
20240829,29/8/2024,29,8,2024,3,35,4,FALSE
20240830,30/8/2024,30,8,2024,3,35,5,FALSE
20240831,31/8/2024,31,8,2024,3,35,6,TRUE
20240901,1/9/2024,1,9,2024,3,35,7,TRUE
20240902,2/9/2024,2,9,2024,3,36,1,FALSE
20240903,3/9/2024,3,9,2024,3,36,2,FALSE
20240904,4/9/2024,4,9,2024,3,36,3,FALSE
20240905,5/9/2024,5,9,2024,3,36,4,FALSE
20240906,6/9/2024,6,9,2024,3,36,5,FALSE
20240907,7/9/2024,7,9,2024,3,36,6,TRUE
20240908,8/9/2024,8,9,2024,3,36,7,TRUE
20240909,9/9/2024,9,9,2024,3,37,1,FALSE
20240910,10/9/2024,10,9,2024,3,37,2,FALSE
20240911,11/9/2024,11,9,2024,3,37,3,FALSE
20240912,12/9/2024,12,9,2024,3,37,4,FALSE
20240913,13/9/2024,13,9,2024,3,37,5,FALSE
20240914,14/9/2024,14,9,2024,3,37,6,TRUE
20240915,15/9/2024,15,9,2024,3,37,7,TRUE
20240916,16/9/2024,16,9,2024,3,38,1,FALSE
20240917,17/9/2024,17,9,2024,3,38,2,FALSE
20240918,18/9/2024,18,9,2024,3,38,3,FALSE
20240919,19/9/2024,19,9,2024,3,38,4,FALSE
20240920,20/9/2024,20,9,2024,3,38,5,FALSE
20240921,21/9/2024,21,9,2024,3,38,6,TRUE
20240922,22/9/2024,22,9,2024,3,38,7,TRUE
20240923,23/9/2024,23,9,2024,3,39,1,FALSE
20240924,24/9/2024,24,9,2024,3,39,2,FALSE
20240925,25/9/2024,25,9,2024,3,39,3,FALSE
20240926,26/9/2024,26,9,2024,3,39,4,FALSE
20240927,27/9/2024,27,9,2024,3,39,5,FALSE
20240928,28/9/2024,28,9,2024,3,39,6,TRUE
20240929,29/9/2024,29,9,2024,3,39,7,TRUE
20240930,30/9/2024,30,9,2024,3,40,1,FALSE
20241001,1/10/2024,1,10,2024,4,40,2,FALSE
20241002,2/10/2024,2,10,2024,4,40,3,FALSE
20241003,3/10/2024,3,10,2024,4,40,4,FALSE
20241004,4/10/2024,4,10,2024,4,40,5,FALSE
20241005,5/10/2024,5,10,2024,4,40,6,TRUE
20241006,6/10/2024,6,10,2024,4,40,7,TRUE
20241007,7/10/2024,7,10,2024,4,41,1,FALSE
20241008,8/10/2024,8,10,2024,4,41,2,FALSE
20241009,9/10/2024,9,10,2024,4,41,3,FALSE
20241010,10/10/2024,10,10,2024,4,41,4,FALSE
20241011,11/10/2024,11,10,2024,4,41,5,FALSE
20241012,12/10/2024,12,10,2024,4,41,6,TRUE
20241013,13/10/2024,13,10,2024,4,41,7,TRUE
20241014,14/10/2024,14,10,2024,4,42,1,FALSE
20241015,15/10/2024,15,10,2024,4,42,2,FALSE
20241016,16/10/2024,16,10,2024,4,42,3,FALSE
20241017,17/10/2024,17,10,2024,4,42,4,FALSE
20241018,18/10/2024,18,10,2024,4,42,5,FALSE
20241019,19/10/2024,19,10,2024,4,42,6,TRUE
20241020,20/10/2024,20,10,2024,4,42,7,TRUE
20241021,21/10/2024,21,10,2024,4,43,1,FALSE
20241022,22/10/2024,22,10,2024,4,43,2,FALSE
20241023,23/10/2024,23,10,2024,4,43,3,FALSE
20241024,24/10/2024,24,10,2024,4,43,4,FALSE
20241025,25/10/2024,25,10,2024,4,43,5,FALSE
20241026,26/10/2024,26,10,2024,4,43,6,TRUE
20241027,27/10/2024,27,10,2024,4,43,7,TRUE
20241028,28/10/2024,28,10,2024,4,44,1,FALSE
20241029,29/10/2024,29,10,2024,4,44,2,FALSE
20241030,30/10/2024,30,10,2024,4,44,3,FALSE
20241031,31/10/2024,31,10,2024,4,44,4,FALSE
20241101,1/11/2024,1,11,2024,4,44,5,FALSE
20241102,2/11/2024,2,11,2024,4,44,6,TRUE
20241103,3/11/2024,3,11,2024,4,44,7,TRUE
20241104,4/11/2024,4,11,2024,4,45,1,FALSE
20241105,5/11/2024,5,11,2024,4,45,2,FALSE
20241106,6/11/2024,6,11,2024,4,45,3,FALSE
20241107,7/11/2024,7,11,2024,4,45,4,FALSE
20241108,8/11/2024,8,11,2024,4,45,5,FALSE
20241109,9/11/2024,9,11,2024,4,45,6,TRUE
20241110,10/11/2024,10,11,2024,4,45,7,TRUE
20241111,11/11/2024,11,11,2024,4,46,1,FALSE
20241112,12/11/2024,12,11,2024,4,46,2,FALSE
20241113,13/11/2024,13,11,2024,4,46,3,FALSE
20241114,14/11/2024,14,11,2024,4,46,4,FALSE
20241115,15/11/2024,15,11,2024,4,46,5,FALSE
20241116,16/11/2024,16,11,2024,4,46,6,TRUE
20241117,17/11/2024,17,11,2024,4,46,7,TRUE
20241118,18/11/2024,18,11,2024,4,47,1,FALSE
20241119,19/11/2024,19,11,2024,4,47,2,FALSE
20241120,20/11/2024,20,11,2024,4,47,3,FALSE
20241121,21/11/2024,21,11,2024,4,47,4,FALSE
20241122,22/11/2024,22,11,2024,4,47,5,FALSE
20241123,23/11/2024,23,11,2024,4,47,6,TRUE
20241124,24/11/2024,24,11,2024,4,47,7,TRUE
20241125,25/11/2024,25,11,2024,4,48,1,FALSE
20241126,26/11/2024,26,11,2024,4,48,2,FALSE
20241127,27/11/2024,27,11,2024,4,48,3,FALSE
20241128,28/11/2024,28,11,2024,4,48,4,FALSE
20241129,29/11/2024,29,11,2024,4,48,5,FALSE
20241130,30/11/2024,30,11,2024,4,48,6,TRUE
20241201,1/12/2024,1,12,2024,4,48,7,TRUE
20241202,2/12/2024,2,12,2024,4,49,1,FALSE
20241203,3/12/2024,3,12,2024,4,49,2,FALSE
20241204,4/12/2024,4,12,2024,4,49,3,FALSE
20241205,5/12/2024,5,12,2024,4,49,4,FALSE
20241206,6/12/2024,6,12,2024,4,49,5,FALSE
20241207,7/12/2024,7,12,2024,4,49,6,TRUE
20241208,8/12/2024,8,12,2024,4,49,7,TRUE
20241209,9/12/2024,9,12,2024,4,50,1,FALSE
20241210,10/12/2024,10,12,2024,4,50,2,FALSE
20241211,11/12/2024,11,12,2024,4,50,3,FALSE
20241212,12/12/2024,12,12,2024,4,50,4,FALSE
20241213,13/12/2024,13,12,2024,4,50,5,FALSE
20241214,14/12/2024,14,12,2024,4,50,6,TRUE
20241215,15/12/2024,15,12,2024,4,50,7,TRUE
20241216,16/12/2024,16,12,2024,4,51,1,FALSE
20241217,17/12/2024,17,12,2024,4,51,2,FALSE
20241218,18/12/2024,18,12,2024,4,51,3,FALSE
20241219,19/12/2024,19,12,2024,4,51,4,FALSE
20241220,20/12/2024,20,12,2024,4,51,5,FALSE
20241221,21/12/2024,21,12,2024,4,51,6,TRUE
20241222,22/12/2024,22,12,2024,4,51,7,TRUE
20241223,23/12/2024,23,12,2024,4,52,1,FALSE
20241224,24/12/2024,24,12,2024,4,52,2,FALSE
20241225,25/12/2024,25,12,2024,4,52,3,FALSE
20241226,26/12/2024,26,12,2024,4,52,4,FALSE
20241227,27/12/2024,27,12,2024,4,52,5,FALSE
20241228,28/12/2024,28,12,2024,4,52,6,TRUE
20241229,29/12/2024,29,12,2024,4,52,7,TRUE
20241230,30/12/2024,30,12,2024,4,1,1,FALSE
20241231,31/12/2024,31,12,2024,4,1,2,FALSE