BranchID,VehicleID,CustomerID,DateKey,PKB_DocumentID,TransactionAmount,TransactionStatus,ServiceType
A001,AVA2021ALWMXF22,17,24/9/2024,PKB00000,7592016.061,Closed,Repair
A002,HIL2018RTQNCN33,6,11/8/2024,PKB00001,5203082.349,Open,Inspection
A003,RAI2018SOLDIJ90,64,22/9/2024,PKB00002,3757427.16,Open,Inspection
A004,FOR2018DUJAOD15,78,8/9/2024,PKB00003,5500382.187,Closed,Repair
A005,HIL2021TZAHWT27,78,19/7/2024,PKB00004,4949853.424,Open,Maintenance
A006,RAI2023VYBBKO92,1,14/7/2024,PKB00005,4597236.895,Closed,Repair
A007,CAM2018DCLDKH51,44,24/9/2024,PKB00006,6387945.488,Closed,Maintenance
A008,LAN2022OQWHGC75,37,13/9/2024,PKB00007,6498515.081,Closed,Repair
A009,RUS2020WALWTV92,30,31/8/2024,PKB00008,5749923.495,Open,Inspection
A010,HIA2019GCXWLN62,53,15/8/2024,PKB00009,5533463.806,Open,Inspection
A011,YAR2022LCRHLR05,1,26/7/2024,PKB00010,5260556.446,Open,Repair
A012,HIA2018QTKNXL64,1,1/7/2024,PKB00011,5688668.139,Open,Maintenance
A013,INN2019DOTLQE56,1,24/9/2024,PKB00012,7088696.971,Closed,Maintenance
A014,AGY2020GFPMGL07,1,1/7/2024,PKB00013,4713642.182,Open,Repair
A015,FOR2018DUJAOD15,1,19/9/2024,PKB00014,6445500.581,Open,Inspection
A016,VIO2023QQTJGH54,1,15/9/2024,PKB00015,3880419.103,Closed,Maintenance
A017,COR2019YJZKSU46,1,5/8/2024,PKB00016,3997304.179,Closed,Repair
A018,AGY2022ULQBIF98,1,19/8/2024,PKB00017,7646518.073,Closed,Maintenance
A019,HIL2023PHKMMA30,1,17/9/2024,PKB00018,2517509.926,Open,Repair
A020,CAL2019RBTODA92,1,25/8/2024,PKB00019,4218354.546,Closed,Repair
A021,AVA2021ALWMXF22,2,6/9/2024,PKB00020,5734371.181,Open,Maintenance
A022,CAM2023VIHAPZ15,2,18/8/2024,PKB00021,3640794.816,Open,Maintenance
A023,CAM2019WMCBIT71,2,27/7/2024,PKB00022,7011387.706,Open,Repair
A024,FOR2023DLGMEU06,2,25/9/2024,PKB00023,3399753.119,Closed,Maintenance
A025,LAN2020ERMGOM65,2,23/9/2024,PKB00024,3856612.842,Open,Maintenance
A026,AGY2020GFPMGL07,2,15/9/2024,PKB00025,4373765.499,Open,Repair
A027,COR2023QABEXL90,2,22/9/2024,PKB00026,4283304.045,Closed,Inspection
A028,RUS2021ORQHHG13,2,27/8/2024,PKB00027,4022893.009,Closed,Maintenance
A029,CAL2019RBTODA92,2,1/9/2024,PKB00028,6896104.829,Closed,Maintenance
A030,INN2019DOTLQE56,2,13/9/2024,PKB00029,3832591.869,Open,Inspection
A031,HIL2023PHKMMA30,3,21/7/2024,PKB00030,5777809.387,Closed,Repair
A032,AVA2019XHGMOK87,3,13/8/2024,PKB00031,3920013.733,Closed,Repair
A033,RAI2018SOLDIJ90,3,20/9/2024,PKB00032,7077644.028,Open,Maintenance
A034,AVA2020FJDMHI32,3,26/8/2024,PKB00033,2139846.089,Closed,Repair
A035,CAL2018GEKLWQ90,3,2/8/2024,PKB00034,4465416.63,Closed,Maintenance
A036,AVA2019XHGMOK87,3,13/7/2024,PKB00035,3423155.954,Closed,Inspection
A001,AVA2020FJDMHI32,3,13/7/2024,PKB00036,3344389.111,Open,Repair
A002,AVA2023HUGZUI97,3,1/9/2024,PKB00037,3818626.315,Open,Repair
A003,AVA2019XHGMOK87,3,1/7/2024,PKB00038,7313249.045,Open,Repair
A004,LAN2023OBEICY63,3,5/8/2024,PKB00039,4349372.261,Closed,Inspection
A005,AVA2023HUGZUI97,4,14/7/2024,PKB00040,5492427.808,Open,Maintenance
A006,VIO2020ZUZOCB75,4,15/9/2024,PKB00041,6105896.439,Closed,Maintenance
A007,FOR2022KPTFCG02,4,28/7/2024,PKB00042,3708044.938,Closed,Inspection
A008,CAM2018DCLDKH51,4,31/8/2024,PKB00043,4665697.586,Open,Inspection
A009,AVA2019XHGMOK87,4,30/9/2024,PKB00044,5583139.859,Open,Maintenance
A010,RAI2020BNJFJL72,4,14/9/2024,PKB00045,1758765.339,Closed,Repair
A011,INN2022NZYBYL06,4,29/8/2024,PKB00046,3363386.017,Closed,Repair
A012,CAL2018GEKLWQ90,4,17/9/2024,PKB00047,2920565.323,Closed,Maintenance
A013,RAI2019MWMMIQ91,4,28/7/2024,PKB00048,6433814.916,Open,Maintenance
A014,FOR2018DUJAOD15,4,9/7/2024,PKB00049,5998447.934,Open,Repair
A015,HIA2018QTKNXL64,5,12/9/2024,PKB00050,4114366.311,Closed,Inspection
A016,RUS2022MZSBBC13,5,19/9/2024,PKB00051,5205253.791,Open,Repair
A017,CAM2020EEYQSM08,5,14/7/2024,PKB00052,4736626.268,Closed,Repair
A018,COR2021KHESOQ70,5,21/7/2024,PKB00053,5303051.852,Open,Maintenance
A019,HIL2021UTWJXS72,5,15/8/2024,PKB00054,4735481.552,Closed,Repair
A020,VIO2018QHCWEY48,5,21/9/2024,PKB00055,5059624.301,Open,Repair
A021,LAN2020ERMGOM65,5,26/7/2024,PKB00056,4398537.816,Open,Maintenance
A022,AGY2021LADOTO69,5,21/8/2024,PKB00057,2893265.173,Open,Inspection
A023,AVA2019XHGMOK87,5,4/7/2024,PKB00058,6825813.332,Closed,Inspection
A024,HIA2022CRWZKV90,5,11/8/2024,PKB00059,6659444.025,Closed,Repair
A025,LAN2021QAGNWA65,5,14/8/2024,PKB00060,5508882.692,Closed,Inspection
A026,FOR2021OWCIEX73,24,15/9/2024,PKB00061,6457731.061,Open,Inspection
A027,COR2023QABEXL90,11,26/9/2024,PKB00062,5562733.489,Closed,Maintenance
A028,CAL2021CCNTFS07,71,26/9/2024,PKB00063,4866432.379,Open,Repair
A029,AGY2019AAWDEO04,74,13/9/2024,PKB00064,4681927.659,Closed,Maintenance
A030,RUS2018PCSOXO70,68,23/8/2024,PKB00065,6090790.551,Closed,Maintenance
A031,CAL2018GEKLWQ90,69,16/8/2024,PKB00066,3910836.536,Closed,Inspection
A032,CAM2022SFQWPT07,50,15/9/2024,PKB00067,3980437.449,Open,Inspection
A033,CAM2020EEYQSM08,74,5/9/2024,PKB00068,5707590.658,Open,Repair
A034,HIL2020ADQHEB19,50,15/8/2024,PKB00069,6955516.058,Open,Maintenance
A035,CAM2018DCLDKH51,4,22/8/2024,PKB00070,4193911.869,Open,Repair
A036,VIO2018QHCWEY48,40,17/8/2024,PKB00071,3589417.329,Open,Maintenance
A001,AGY2021LADOTO69,70,15/9/2024,PKB00072,7137053.033,Open,Maintenance
A002,YAR2023BFPOWA55,94,19/7/2024,PKB00073,5767711.424,Closed,Maintenance
A003,RAI2022VEXTYG15,14,11/7/2024,PKB00074,2258322.66,Open,Maintenance
A004,AGY2018WRCLOI37,99,14/7/2024,PKB00075,4409113.217,Closed,Inspection
A005,CAL2018GEKLWQ90,78,19/7/2024,PKB00076,5243994.079,Open,Repair
A006,HIL2023QETYWI38,34,10/9/2024,PKB00077,3304979.789,Open,Inspection
A007,AGY2020GFPMGL07,7,28/8/2024,PKB00078,6642673.042,Closed,Inspection
A008,HIL2020ADQHEB19,62,7/7/2024,PKB00079,6573730.302,Open,Maintenance
A009,AGY2019AAWDEO04,90,25/7/2024,PKB00080,3910433.41,Closed,Repair
A010,RUS2023ZVGYOI12,55,27/9/2024,PKB00081,5472819.237,Open,Repair
A011,CAL2022LBDWTD46,3,30/8/2024,PKB00082,1782768.03,Closed,Maintenance
A012,INN2023WHFOFT49,46,24/9/2024,PKB00083,3124754.832,Open,Repair
A013,YAR2023BFPOWA55,55,7/7/2024,PKB00084,8708665.582,Open,Maintenance
A014,HIL2021UTWJXS72,6,3/8/2024,PKB00085,3471256.696,Open,Maintenance
A015,HIA2022CRWZKV90,57,2/7/2024,PKB00086,4901063.225,Open,Repair
A016,COR2023QABEXL90,39,23/9/2024,PKB00087,6720893.779,Open,Maintenance
A017,HIL2022FFGCIO90,3,11/9/2024,PKB00088,2735615.304,Closed,Repair
A018,CAM2021THVIGG58,43,30/9/2024,PKB00089,6643184.516,Closed,Maintenance
A019,VIO2021VLBWJK14,100,14/9/2024,PKB00090,4898413.014,Open,Inspection
A020,FOR2019WNNOLC65,72,3/8/2024,PKB00091,3718420.055,Open,Maintenance
A021,INN2023WHFOFT49,35,9/9/2024,PKB00092,5053695.923,Open,Maintenance
A022,HIA2023DVRRTU31,24,8/7/2024,PKB00093,5874618.667,Closed,Repair
A023,AGY2022ULQBIF98,51,24/9/2024,PKB00094,3774173.517,Open,Repair
A024,CAL2022LBDWTD46,79,9/7/2024,PKB00095,4510879.571,Closed,Maintenance
A025,YAR2018HPBKWD60,29,8/8/2024,PKB00096,2112371.934,Closed,Inspection
A026,LAN2023OBEICY63,63,25/8/2024,PKB00097,5320233.335,Closed,Maintenance
A027,VIO2020ZUZOCB75,41,19/7/2024,PKB00098,5353855.864,Closed,Repair
A028,YAR2021YFVNUO83,42,11/9/2024,PKB00099,3801427.619,Closed,Inspection
A029,INN2018HICTEI00,88,2/7/2024,PKB00100,6273809.903,Open,Maintenance
A030,RUS2023ZVGYOI12,71,19/9/2024,PKB00101,5767183.758,Open,Repair
A031,FOR2019WNNOLC65,71,8/7/2024,PKB00102,2276282.516,Open,Repair
A032,RUS2019KQCWQV05,86,26/9/2024,PKB00103,6084318.36,Closed,Inspection
A033,INN2020TGHRIV45,64,18/7/2024,PKB00104,6441994.345,Open,Maintenance
A034,INN2019DOTLQE56,58,20/8/2024,PKB00105,5266070.739,Open,Maintenance
A035,RUS2021ORQHHG13,33,20/9/2024,PKB00106,5386628.223,Open,Maintenance
A036,YAR2021YFVNUO83,8,6/7/2024,PKB00107,6097242.428,Open,Inspection
A001,FOR2023DLGMEU06,66,24/7/2024,PKB00108,7959979.053,Closed,Repair
A002,HIL2019DGLKQJ61,53,19/9/2024,PKB00109,6084190.161,Open,Repair
A003,LAN2019IFXMEW57,24,15/8/2024,PKB00110,4103292.475,Closed,Repair
A004,AVA2023HUGZUI97,39,26/8/2024,PKB00111,6028795.246,Closed,Repair
A005,COR2019YJZKSU46,49,12/8/2024,PKB00112,6438293.288,Open,Repair
A006,RAI2022VEXTYG15,8,23/8/2024,PKB00113,3768605.025,Open,Repair
A007,CAM2023VIHAPZ15,94,9/9/2024,PKB00114,6651801.308,Closed,Inspection
A008,INN2019DOTLQE56,60,28/8/2024,PKB00115,5871879.112,Open,Inspection
A009,YAR2021YFVNUO83,60,6/9/2024,PKB00116,5961115.529,Open,Maintenance
A010,RUS2022MZSBBC13,86,7/9/2024,PKB00117,5429409.247,Open,Inspection
A011,CAL2020ILIUQU43,71,10/7/2024,PKB00118,3200336.793,Open,Maintenance
A012,VIO2018QHCWEY48,49,27/7/2024,PKB00119,5592755.408,Open,Repair
A013,YAR2019XFFURQ39,40,1/7/2024,PKB00120,3013651.793,Closed,Inspection
A014,VIO2020ZUZOCB75,9,22/9/2024,PKB00121,4888421.125,Closed,Inspection
A015,CAM2018DCLDKH51,8,12/8/2024,PKB00122,4033999.532,Closed,Inspection
A016,COR2019YJZKSU46,52,6/9/2024,PKB00123,1700828.727,Open,Inspection
A017,HIL2019DGLKQJ61,48,5/8/2024,PKB00124,7379940.865,Closed,Inspection
A018,INN2019DOTLQE56,95,29/9/2024,PKB00125,5448166.771,Open,Inspection
A019,AVA2018YCEQCV07,33,4/8/2024,PKB00126,5037245.85,Open,Repair
A020,RUS2018PCSOXO70,72,20/7/2024,PKB00127,5832066.49,Open,Maintenance
A021,HIL2023PHKMMA30,41,27/8/2024,PKB00128,4169486.953,Closed,Repair
A022,HIL2021TZAHWT27,48,25/9/2024,PKB00129,6016112.284,Closed,Inspection
A023,INN2019DOTLQE56,62,18/9/2024,PKB00130,9006167.268,Closed,Inspection
A024,VIO2018QHCWEY48,17,29/7/2024,PKB00131,5163109.827,Open,Inspection
A025,LAN2021QAGNWA65,89,5/9/2024,PKB00132,2608104.98,Open,Inspection
A026,HIA2023DVRRTU31,8,15/8/2024,PKB00133,6780827.548,Closed,Inspection
A027,FOR2023DLGMEU06,73,13/8/2024,PKB00134,5029046.746,Open,Repair
A028,INN2022NZYBYL06,20,12/8/2024,PKB00135,2035154.849,Closed,Inspection
A029,INN2020TGHRIV45,88,13/8/2024,PKB00136,5812594.043,Closed,Inspection
A030,FOR2021OWCIEX73,26,25/8/2024,PKB00137,2897888.398,Open,Inspection
A031,INN2020TGHRIV45,75,31/7/2024,PKB00138,6345585.418,Open,Repair
A032,RAI2020BNJFJL72,57,7/9/2024,PKB00139,4438575.762,Open,Inspection
A033,VIO2019YZCXXU25,60,21/7/2024,PKB00140,5676898.549,Open,Maintenance
A034,CAL2020ILIUQU43,62,18/9/2024,PKB00141,3807053.817,Open,Maintenance
A035,HIL2018RTQNCN33,25,26/7/2024,PKB00142,4201934.737,Closed,Maintenance
A036,AGY2018WRCLOI37,99,23/8/2024,PKB00143,5651232.076,Open,Inspection
A001,YAR2018HPBKWD60,39,11/8/2024,PKB00144,3796826.628,Closed,Repair
A002,HIL2018OTNLJT46,31,22/7/2024,PKB00145,4639957.177,Open,Inspection
A003,RUS2018PCSOXO70,85,29/8/2024,PKB00146,7711708.705,Closed,Maintenance
A004,LAN2023OBEICY63,3,1/8/2024,PKB00147,6587220.448,Open,Maintenance
A005,RUS2021ORQHHG13,35,27/8/2024,PKB00148,3183271.338,Open,Inspection
A006,FOR2021OWCIEX73,77,30/7/2024,PKB00149,4657982.613,Closed,Repair
A007,FOR2022KPTFCG02,73,4/9/2024,PKB00150,3262798.149,Closed,Repair
A008,AGY2020GFPMGL07,36,3/7/2024,PKB00151,7365694.037,Open,Maintenance
A009,RUS2019KQCWQV05,82,26/7/2024,PKB00152,3596582.277,Closed,Repair
A010,YAR2018HPBKWD60,20,25/7/2024,PKB00153,4488186.607,Closed,Repair
A011,HIL2021TZAHWT27,31,14/7/2024,PKB00154,6698740.452,Open,Repair
A012,HIL2023QETYWI38,44,16/9/2024,PKB00155,3781958.182,Closed,Inspection
A013,FOR2019WNNOLC65,80,7/8/2024,PKB00156,5035500.168,Closed,Inspection
A014,COR2021KHESOQ70,22,8/7/2024,PKB00157,5043233.791,Open,Repair
A015,HIL2023QETYWI38,28,18/9/2024,PKB00158,4948322.783,Closed,Repair
A016,LAN2023OBEICY63,11,16/9/2024,PKB00159,2509569.33,Closed,Repair
A017,HIL2018OTNLJT46,66,13/7/2024,PKB00160,5412952.315,Open,Inspection
A018,CAM2020EEYQSM08,4,5/7/2024,PKB00161,5027179.581,Closed,Inspection
A019,RUS2021ORQHHG13,55,28/7/2024,PKB00162,5201183.262,Open,Maintenance
A020,CAM2018DCLDKH51,44,23/7/2024,PKB00163,3622440.454,Open,Repair
A021,RUS2022MZSBBC13,35,9/8/2024,PKB00164,5312628.877,Closed,Repair
A022,CAL2022LBDWTD46,55,1/7/2024,PKB00165,7108453.741,Closed,Inspection
A023,AGY2022ULQBIF98,29,22/8/2024,PKB00166,5203602.716,Closed,Repair
A024,HIL2018RTQNCN33,1,29/9/2024,PKB00167,4200935.059,Closed,Maintenance
A025,INN2023WHFOFT49,67,23/8/2024,PKB00168,6299854.817,Open,Repair
A026,RUS2018PCSOXO70,6,31/8/2024,PKB00169,4518676.725,Open,Repair
A027,AVA2021ALWMXF22,65,15/7/2024,PKB00170,5879147.987,Closed,Inspection
A028,HIA2020SCGAQA19,36,3/7/2024,PKB00171,5960334.694,Open,Repair
A029,HIL2020ADQHEB19,75,23/9/2024,PKB00172,5414196.516,Closed,Repair
A030,RAI2018SOLDIJ90,81,2/9/2024,PKB00173,2934507.704,Open,Inspection
A031,COR2023QABEXL90,58,2/9/2024,PKB00174,4101088.407,Open,Inspection
A032,CAL2020ILIUQU43,26,4/8/2024,PKB00175,4000751.028,Open,Repair
A033,FOR2022KPTFCG02,28,13/7/2024,PKB00176,4050947.859,Closed,Repair
A034,HIL2021TZAHWT27,69,8/8/2024,PKB00177,4715874.646,Open,Inspection
A035,CAM2021THVIGG58,12,2/7/2024,PKB00178,5023226.201,Open,Maintenance
A036,HIA2019GCXWLN62,23,2/7/2024,PKB00179,6915644.659,Closed,Inspection
A001,FOR2022KPTFCG02,21,2/8/2024,PKB00180,7117806.535,Closed,Inspection
A002,RAI2022VEXTYG15,23,18/9/2024,PKB00181,4697430.743,Closed,Inspection
A003,FOR2022KPTFCG02,54,18/7/2024,PKB00182,4739408.808,Open,Inspection
A004,RUS2018PCSOXO70,13,29/7/2024,PKB00183,5175728.874,Closed,Inspection
A005,AGY2023YRKXRB12,77,17/9/2024,PKB00184,2385855.07,Closed,Repair
A006,AVA2018YCEQCV07,21,7/9/2024,PKB00185,6381780.665,Open,Inspection
A007,INN2022NZYBYL06,60,18/8/2024,PKB00186,4035477.108,Closed,Maintenance
A008,HIL2023PHKMMA30,37,24/7/2024,PKB00187,5266683.34,Closed,Repair
A009,RAI2021JXPLQS52,89,17/8/2024,PKB00188,7920438.843,Open,Inspection
A010,FOR2023DLGMEU06,34,10/7/2024,PKB00189,6490162.761,Open,Repair
A011,FOR2021OWCIEX73,85,10/7/2024,PKB00190,5847831.697,Open,Maintenance
A012,CAM2019WMCBIT71,69,22/7/2024,PKB00191,4677350.034,Closed,Inspection
A013,VIO2019YZCXXU25,83,3/8/2024,PKB00192,6482572.378,Closed,Repair
A014,COR2018CANHTC79,15,26/9/2024,PKB00193,4726337.264,Open,Maintenance
A015,HIL2019VAEBFX57,42,31/7/2024,PKB00194,3129608.077,Closed,Maintenance
A016,FOR2018DUJAOD15,57,26/7/2024,PKB00195,5348722.154,Open,Inspection
A017,COR2019YJZKSU46,1,12/9/2024,PKB00196,7009984.886,Closed,Inspection
A018,CAM2021THVIGG58,95,24/9/2024,PKB00197,4976682.295,Closed,Inspection
A019,AVA2022TUNBZX72,1,3/9/2024,PKB00198,3577170.181,Closed,Inspection
A020,LAN2018OSFICJ71,24,18/7/2024,PKB00199,5921387.339,Closed,Inspection
A021,RAI2020BNJFJL72,43,21/8/2024,PKB00200,4328850.543,Open,Maintenance
A022,RAI2022VEXTYG15,92,6/7/2024,PKB00201,6605411.072,Open,Inspection
A023,COR2019YJZKSU46,30,26/9/2024,PKB00202,7710126.502,Open,Inspection
A024,LAN2020ERMGOM65,42,5/7/2024,PKB00203,3687986.995,Closed,Maintenance
A025,COR2021KHESOQ70,79,10/7/2024,PKB00204,6553535.394,Closed,Inspection
A026,YAR2023BFPOWA55,39,15/7/2024,PKB00205,5550108.442,Open,Maintenance
A027,HIL2019DGLKQJ61,71,22/9/2024,PKB00206,6470754.182,Open,Repair
A028,HIL2020ADQHEB19,69,29/7/2024,PKB00207,5420857.798,Closed,Inspection
A029,AVA2021ALWMXF22,2,7/7/2024,PKB00208,4105370.414,Open,Inspection
A030,INN2021OKQBNU07,24,4/9/2024,PKB00209,2365492.278,Closed,Maintenance
A031,YAR2018HPBKWD60,28,5/7/2024,PKB00210,6175469.785,Open,Maintenance
A032,LAN2020ERMGOM65,81,6/8/2024,PKB00211,4833214.212,Open,Maintenance
A033,RAI2022VEXTYG15,87,7/7/2024,PKB00212,4867356.528,Open,Repair
A034,FOR2022KPTFCG02,95,6/8/2024,PKB00213,7320338.762,Closed,Repair
A035,RUS2021ORQHHG13,88,15/9/2024,PKB00214,4517523.995,Closed,Maintenance
A036,HIA2020SCGAQA19,11,27/7/2024,PKB00215,4308255.741,Closed,Maintenance
A001,COR2018CANHTC79,12,5/9/2024,PKB00216,5946591.986,Open,Inspection
A002,HIL2018OTNLJT46,82,15/7/2024,PKB00217,7972870.234,Open,Repair
A003,RUS2020WALWTV92,3,26/9/2024,PKB00218,3867453.259,Closed,Maintenance
A004,COR2021KHESOQ70,80,2/8/2024,PKB00219,5063325.326,Open,Inspection
A005,HIL2023PHKMMA30,99,30/7/2024,PKB00220,4053157.176,Closed,Inspection
A006,HIL2022XDTLVQ42,21,29/9/2024,PKB00221,5486154.236,Closed,Inspection
A007,CAL2020ILIUQU43,63,25/8/2024,PKB00222,5675808.675,Open,Maintenance
A008,FOR2023DLGMEU06,88,5/8/2024,PKB00223,7635834.14,Open,Repair
A009,VIO2021VLBWJK14,40,30/8/2024,PKB00224,4958626.856,Closed,Maintenance
A010,FOR2019WNNOLC65,66,5/9/2024,PKB00225,4855010.472,Open,Maintenance
A011,HIL2020WGDWDZ03,43,23/8/2024,PKB00226,2752912.076,Open,Repair
A012,FOR2020HESLZE76,30,12/7/2024,PKB00227,4220063.186,Open,Repair
A013,FOR2018DUJAOD15,64,18/8/2024,PKB00228,4672644.755,Open,Inspection
A014,CAM2019WMCBIT71,24,6/7/2024,PKB00229,2130701.766,Open,Repair
A015,VIO2022JWCNSA34,89,10/8/2024,PKB00230,3516884.783,Open,Maintenance
A016,COR2022NPJJVI29,35,9/7/2024,PKB00231,3022385.599,Open,Repair
A017,CAM2020EEYQSM08,23,23/7/2024,PKB00232,3387729.811,Closed,Repair
A018,FOR2021OWCIEX73,55,10/7/2024,PKB00233,5282732.475,Closed,Maintenance
A019,FOR2020HESLZE76,43,8/8/2024,PKB00234,6377201.953,Open,Maintenance
A020,HIL2023QETYWI38,41,28/8/2024,PKB00235,2765846.248,Closed,Repair
A021,RAI2022VEXTYG15,42,15/9/2024,PKB00236,6690900.733,Open,Maintenance
A022,FOR2022KPTFCG02,56,7/8/2024,PKB00237,2896390.912,Open,Maintenance
A023,HIL2021UTWJXS72,49,31/7/2024,PKB00238,4051519.73,Open,Repair
A024,RUS2021ORQHHG13,25,21/7/2024,PKB00239,7387698.471,Open,Repair
A025,LAN2018OSFICJ71,64,21/9/2024,PKB00240,8021979.893,Open,Repair
A026,CAM2021THVIGG58,42,4/7/2024,PKB00241,4730419.806,Open,Inspection
A027,CAM2022SFQWPT07,74,28/9/2024,PKB00242,5398003.477,Open,Repair
A028,AVA2018YCEQCV07,7,5/9/2024,PKB00243,6733563.752,Closed,Inspection
A029,RUS2021ORQHHG13,1,9/9/2024,PKB00244,3461185.159,Closed,Maintenance
A030,HIL2020ADQHEB19,59,29/8/2024,PKB00245,8130073.563,Open,Repair
A031,HIA2020SCGAQA19,89,5/9/2024,PKB00246,6676863.025,Open,Inspection
A032,CAM2022SFQWPT07,11,16/9/2024,PKB00247,3159705.073,Closed,Inspection
A033,VIO2020ZUZOCB75,38,14/8/2024,PKB00248,5704295.054,Open,Repair
A034,FOR2022KPTFCG02,16,16/8/2024,PKB00249,6095872.286,Open,Repair
A035,VIO2018QHCWEY48,68,15/8/2024,PKB00250,3668102.012,Open,Maintenance
A036,VIO2020ZUZOCB75,34,11/8/2024,PKB00251,4542071.89,Closed,Maintenance
A001,AVA2023HUGZUI97,26,28/8/2024,PKB00252,6540952.134,Open,Repair
A002,LAN2022OQWHGC75,79,8/9/2024,PKB00253,5932237.067,Closed,Inspection
A003,HIA2021XNNXCA04,19,29/8/2024,PKB00254,4189740.691,Closed,Inspection
A004,CAL2020ILIUQU43,29,29/9/2024,PKB00255,5689043.044,Closed,Inspection
A005,RUS2022MZSBBC13,59,8/7/2024,PKB00256,4122174.656,Open,Maintenance
A006,FOR2019WNNOLC65,37,28/9/2024,PKB00257,5826868.614,Open,Maintenance
A007,HIA2022CRWZKV90,14,24/7/2024,PKB00258,5538813.555,Open,Inspection
A008,YAR2020NRZNBG06,93,26/9/2024,PKB00259,4991422.515,Open,Maintenance
A009,HIL2022XDTLVQ42,9,18/7/2024,PKB00260,3620224.561,Open,Repair
A010,VIO2021VLBWJK14,89,19/7/2024,PKB00261,4947344.876,Open,Maintenance
A011,HIA2023DVRRTU31,40,8/7/2024,PKB00262,5602175.861,Open,Inspection
A012,CAL2023UBTGOI35,31,15/9/2024,PKB00263,4324450.686,Open,Inspection
A013,HIL2018OTNLJT46,47,12/7/2024,PKB00264,4079837.483,Closed,Maintenance
A014,FOR2022KPTFCG02,67,27/9/2024,PKB00265,6262432.172,Closed,Inspection
A015,COR2023QABEXL90,42,7/7/2024,PKB00266,4041468.572,Closed,Repair
A016,COR2023QABEXL90,59,30/9/2024,PKB00267,6610144.291,Closed,Maintenance
A017,INN2022NZYBYL06,35,2/8/2024,PKB00268,5884516.578,Closed,Repair
A018,YAR2020NRZNBG06,93,6/7/2024,PKB00269,9557335.132,Open,Repair
A019,AGY2020GFPMGL07,24,2/9/2024,PKB00270,6476552.773,Open,Inspection
A020,VIO2021VLBWJK14,9,4/8/2024,PKB00271,5241703.816,Closed,Maintenance
A021,AVA2023HUGZUI97,48,19/7/2024,PKB00272,4832954.814,Open,Repair
A022,FOR2021OWCIEX73,60,20/7/2024,PKB00273,4804137.673,Closed,Repair
A023,COR2022NPJJVI29,49,27/7/2024,PKB00274,5274353.182,Closed,Maintenance
A024,FOR2018DUJAOD15,88,1/8/2024,PKB00275,5653641.556,Closed,Inspection
A025,INN2020TGHRIV45,59,5/9/2024,PKB00276,2414324.357,Closed,Inspection
A026,HIA2019GCXWLN62,25,4/8/2024,PKB00277,5830196.318,Open,Maintenance
A027,HIL2022FFGCIO90,64,21/9/2024,PKB00278,4859225.69,Open,Repair
A028,HIL2019DGLKQJ61,82,4/9/2024,PKB00279,3152378.128,Closed,Repair
A029,COR2022NPJJVI29,26,30/9/2024,PKB00280,6722215.135,Closed,Inspection
A030,HIL2022FFGCIO90,36,10/7/2024,PKB00281,5338637.235,Open,Repair
A031,RAI2020BNJFJL72,64,5/8/2024,PKB00282,4836230.288,Open,Inspection
A032,AGY2018WRCLOI37,56,31/8/2024,PKB00283,4438873.493,Open,Repair
A033,CAM2018DCLDKH51,53,25/9/2024,PKB00284,3724120.117,Open,Maintenance
A034,HIL2020ADQHEB19,1,24/7/2024,PKB00285,5588803.251,Open,Repair
A035,COR2021KHESOQ70,13,22/9/2024,PKB00286,5676485.529,Open,Maintenance
A036,HIL2023PHKMMA30,90,8/7/2024,PKB00287,2766731.074,Open,Inspection
A001,INN2022NZYBYL06,7,28/8/2024,PKB00288,8711007.324,Open,Maintenance
A002,CAL2020ILIUQU43,50,18/7/2024,PKB00289,4766790.757,Closed,Maintenance
A003,YAR2023BFPOWA55,69,6/9/2024,PKB00290,3739924.565,Closed,Inspection
A004,RUS2021ORQHHG13,99,23/9/2024,PKB00291,6635998.824,Closed,Repair
A005,HIL2022FFGCIO90,12,20/8/2024,PKB00292,5733690.224,Open,Maintenance
A006,VIO2021VLBWJK14,13,9/9/2024,PKB00293,4547376.868,Closed,Repair
A007,INN2022NZYBYL06,61,10/8/2024,PKB00294,4895890.78,Open,Maintenance
A008,RAI2018SOLDIJ90,29,24/9/2024,PKB00295,4772479.305,Closed,Maintenance
A009,LAN2023OBEICY63,25,28/8/2024,PKB00296,3473964.51,Closed,Maintenance
A010,HIA2020SCGAQA19,50,18/9/2024,PKB00297,4156961.781,Open,Repair
A011,AGY2023YRKXRB12,28,19/9/2024,PKB00298,7157932.735,Closed,Maintenance
A012,FOR2019WNNOLC65,24,10/8/2024,PKB00299,5998322.842,Open,Repair
A013,FOR2021OWCIEX73,27,20/7/2024,PKB00300,3594276.578,Open,Maintenance
A014,RAI2019MWMMIQ91,30,6/8/2024,PKB00301,5428438.335,Open,Inspection
A015,RUS2021ORQHHG13,9,31/7/2024,PKB00302,6052540.024,Closed,Repair
A016,RUS2018PCSOXO70,53,24/9/2024,PKB00303,6558072.591,Closed,Inspection
A017,COR2021KHESOQ70,42,12/9/2024,PKB00304,7530895.15,Closed,Repair
A018,FOR2022KPTFCG02,33,3/9/2024,PKB00305,7470121.851,Closed,Maintenance
A019,RUS2023ZVGYOI12,27,16/7/2024,PKB00306,6111991.766,Closed,Inspection
A020,FOR2023DLGMEU06,56,17/7/2024,PKB00307,2939492.194,Open,Repair
A021,HIA2019GCXWLN62,54,12/7/2024,PKB00308,5550360.148,Closed,Repair
A022,RAI2019MWMMIQ91,86,20/7/2024,PKB00309,4413931.417,Open,Repair
A023,INN2023WHFOFT49,87,18/9/2024,PKB00310,5222255.723,Open,Maintenance
A024,FOR2020HESLZE76,71,29/8/2024,PKB00311,3523462.754,Closed,Repair
A025,INN2018HICTEI00,45,11/9/2024,PKB00312,5002509.726,Closed,Maintenance
A026,RUS2019KQCWQV05,98,3/7/2024,PKB00313,6434365.081,Closed,Repair
A027,CAM2021THVIGG58,3,22/7/2024,PKB00314,8473725.284,Closed,Maintenance
A028,YAR2019XFFURQ39,85,19/7/2024,PKB00315,2702321.218,Open,Inspection
A029,HIL2022FFGCIO90,67,2/9/2024,PKB00316,2945335.826,Open,Repair
A030,HIL2021UTWJXS72,65,26/7/2024,PKB00317,5731259.836,Closed,Maintenance
A031,AGY2018WRCLOI37,23,30/8/2024,PKB00318,4764976.857,Closed,Repair
A032,VIO2020ZUZOCB75,53,16/8/2024,PKB00319,6033925.693,Closed,Inspection
A033,AGY2019AAWDEO04,83,29/9/2024,PKB00320,4480984.663,Closed,Maintenance
A034,RAI2023VYBBKO92,12,18/8/2024,PKB00321,2356715.108,Closed,Repair
A035,LAN2022OQWHGC75,92,11/8/2024,PKB00322,6102630.5,Closed,Inspection
A036,HIA2023DVRRTU31,97,15/7/2024,PKB00323,4943823.77,Closed,Maintenance
A001,HIL2020ADQHEB19,12,15/7/2024,PKB00324,5137508.732,Open,Inspection
A002,FOR2023DLGMEU06,71,21/8/2024,PKB00325,7033950.178,Open,Maintenance
A003,VIO2018QHCWEY48,75,20/9/2024,PKB00326,5306721.551,Open,Maintenance
A004,HIL2018OTNLJT46,98,9/7/2024,PKB00327,5322871.615,Open,Repair
A005,RAI2019MWMMIQ91,69,16/8/2024,PKB00328,4630471.53,Open,Maintenance
A006,AVA2018YCEQCV07,60,13/8/2024,PKB00329,6254590.689,Closed,Inspection
A007,AVA2023HUGZUI97,9,14/7/2024,PKB00330,3624049.615,Closed,Repair
A008,HIA2020SCGAQA19,45,16/9/2024,PKB00331,4022791.936,Open,Repair
A009,INN2021OKQBNU07,16,13/7/2024,PKB00332,2752357.41,Closed,Inspection
A010,RAI2023VYBBKO92,83,13/9/2024,PKB00333,4341063.4,Open,Repair
A011,YAR2023BFPOWA55,91,3/7/2024,PKB00334,4766104.485,Closed,Maintenance
A012,VIO2021VLBWJK14,51,11/7/2024,PKB00335,7375650.934,Open,Repair
A013,LAN2019IFXMEW57,52,2/8/2024,PKB00336,3150873.807,Closed,Maintenance
A014,COR2019YJZKSU46,97,5/9/2024,PKB00337,5663864.15,Closed,Inspection
A015,CAM2023VIHAPZ15,90,17/8/2024,PKB00338,4100940.157,Closed,Maintenance
A016,LAN2020ERMGOM65,79,22/9/2024,PKB00339,5940351.988,Closed,Inspection
A017,RAI2022VEXTYG15,36,4/9/2024,PKB00340,7485148.465,Closed,Inspection
A018,HIL2020ADQHEB19,95,30/7/2024,PKB00341,5983762.467,Closed,Inspection
A019,INN2019DOTLQE56,6,5/7/2024,PKB00342,5218712.098,Open,Inspection
A020,FOR2021OWCIEX73,17,17/7/2024,PKB00343,4690578.262,Closed,Maintenance
A021,VIO2018QHCWEY48,55,10/9/2024,PKB00344,4506013.712,Open,Inspection
A022,FOR2018DUJAOD15,8,1/7/2024,PKB00345,4244216.631,Open,Inspection
A023,CAL2023UBTGOI35,44,2/7/2024,PKB00346,5348285.331,Closed,Maintenance
A024,HIL2023QETYWI38,82,20/7/2024,PKB00347,4076154.533,Closed,Repair
A025,VIO2023QQTJGH54,8,14/9/2024,PKB00348,6057741.658,Open,Repair
A026,VIO2020ZUZOCB75,35,5/7/2024,PKB00349,5058476.765,Closed,Maintenance
A027,CAL2019RBTODA92,13,27/8/2024,PKB00350,3635881.847,Closed,Inspection
A028,CAL2021CCNTFS07,57,11/7/2024,PKB00351,5791008.978,Open,Maintenance
A029,HIL2018OTNLJT46,66,2/8/2024,PKB00352,4887097.448,Closed,Maintenance
A030,FOR2020HESLZE76,15,13/7/2024,PKB00353,7970725.777,Closed,Inspection
A031,COR2022NPJJVI29,43,5/9/2024,PKB00354,4718541.899,Open,Maintenance
A032,AGY2018WRCLOI37,25,31/7/2024,PKB00355,4225715.553,Closed,Repair
A033,LAN2019IFXMEW57,26,7/7/2024,PKB00356,6877298.882,Open,Inspection
A034,LAN2023OBEICY63,57,27/7/2024,PKB00357,5231952.167,Closed,Inspection
A035,RUS2018PCSOXO70,90,20/8/2024,PKB00358,5890050.268,Open,Repair
A036,YAR2018HPBKWD60,81,3/7/2024,PKB00359,5403390.403,Closed,Maintenance
A001,FOR2021OWCIEX73,42,8/8/2024,PKB00360,7256161.936,Closed,Inspection
A002,AVA2019XHGMOK87,87,5/8/2024,PKB00361,4377727.094,Open,Inspection
A003,RAI2019MWMMIQ91,5,10/7/2024,PKB00362,3931770.466,Closed,Inspection
A004,YAR2018HPBKWD60,48,16/7/2024,PKB00363,2850192.929,Closed,Inspection
A005,CAL2018GEKLWQ90,93,2/8/2024,PKB00364,5200829.399,Open,Repair
A006,HIA2022CRWZKV90,97,25/8/2024,PKB00365,474258.1222,Closed,Inspection
A007,VIO2020ZUZOCB75,4,24/8/2024,PKB00366,4206726.135,Closed,Repair
A008,CAM2019WMCBIT71,26,2/8/2024,PKB00367,3282335.553,Open,Maintenance
A009,CAL2019RBTODA92,78,11/8/2024,PKB00368,7543961.876,Open,Repair
A010,HIL2021TZAHWT27,50,5/8/2024,PKB00369,5137419.319,Open,Repair
A011,HIL2023PHKMMA30,24,28/8/2024,PKB00370,3236269.179,Closed,Inspection
A012,HIL2023QETYWI38,37,10/9/2024,PKB00371,6976206.854,Closed,Repair
A013,CAL2021CCNTFS07,44,8/7/2024,PKB00372,6032289.786,Closed,Maintenance
A014,AVA2022TUNBZX72,70,31/8/2024,PKB00373,6812051.077,Closed,Inspection
A015,HIA2020SCGAQA19,82,30/7/2024,PKB00374,6074639.202,Closed,Maintenance
A016,LAN2021QAGNWA65,54,7/9/2024,PKB00375,5638174.205,Closed,Maintenance
A017,HIL2022FFGCIO90,91,21/7/2024,PKB00376,3260453.564,Closed,Inspection
A018,HIL2022XDTLVQ42,40,19/8/2024,PKB00377,3422433.605,Open,Maintenance
A019,HIL2021UTWJXS72,5,15/8/2024,PKB00378,5422244.562,Open,Repair
A020,INN2021OKQBNU07,2,27/9/2024,PKB00379,4454922.835,Open,Inspection
A021,CAM2020EEYQSM08,98,31/7/2024,PKB00380,6080297.607,Closed,Maintenance
A022,FOR2021OWCIEX73,39,19/7/2024,PKB00381,5889442.802,Open,Repair
A023,FOR2019WNNOLC65,8,27/8/2024,PKB00382,7604633.622,Closed,Repair
A024,HIA2018QTKNXL64,30,28/8/2024,PKB00383,6534424.435,Closed,Repair
A025,COR2023QABEXL90,24,17/9/2024,PKB00384,3235913.222,Open,Maintenance
A026,AGY2018WRCLOI37,89,25/9/2024,PKB00385,4221985.361,Open,Repair
A027,HIA2019GCXWLN62,94,17/8/2024,PKB00386,3023805.012,Open,Repair
A028,INN2019DOTLQE56,38,6/7/2024,PKB00387,6141933.759,Closed,Inspection
A029,FOR2021OWCIEX73,14,31/8/2024,PKB00388,5478489.67,Open,Inspection
A030,HIL2021TZAHWT27,86,16/7/2024,PKB00389,4703901.135,Open,Maintenance
A031,HIL2023QETYWI38,82,28/8/2024,PKB00390,2860589.063,Closed,Inspection
A032,INN2018HICTEI00,54,24/8/2024,PKB00391,5412047.432,Closed,Repair
A033,HIA2023DVRRTU31,93,14/8/2024,PKB00392,4229332.743,Open,Repair
A034,AVA2020FJDMHI32,28,25/8/2024,PKB00393,6132286.239,Closed,Inspection
A035,FOR2023DLGMEU06,58,2/8/2024,PKB00394,5072968.449,Open,Maintenance
A036,LAN2020ERMGOM65,61,7/7/2024,PKB00395,4619983.389,Open,Repair
A001,HIL2021TZAHWT27,12,8/7/2024,PKB00396,4073830.784,Open,Inspection
A002,RAI2022VEXTYG15,3,3/9/2024,PKB00397,5120106.16,Open,Inspection
A003,AVA2022TUNBZX72,79,11/8/2024,PKB00398,4735569.394,Closed,Maintenance
A004,AVA2021ALWMXF22,79,17/8/2024,PKB00399,7742755.106,Closed,Maintenance
A005,AVA2021ALWMXF22,17,24/7/2024,PKB00400,3857706.213,Open,Inspection
A006,COR2021KHESOQ70,26,10/9/2024,PKB00401,5616596.97,Closed,Maintenance
A007,LAN2019IFXMEW57,56,18/9/2024,PKB00402,6020422.738,Open,Repair
A008,RAI2021JXPLQS52,72,26/8/2024,PKB00403,5048217.677,Open,Maintenance
A009,LAN2019IFXMEW57,44,25/8/2024,PKB00404,6465442.774,Closed,Repair
A010,COR2023QABEXL90,18,12/9/2024,PKB00405,5545744.687,Open,Repair
A011,HIL2018RTQNCN33,22,25/8/2024,PKB00406,4674764.788,Open,Repair
A012,FOR2022KPTFCG02,27,7/9/2024,PKB00407,4732918.716,Closed,Inspection
A013,VIO2021VLBWJK14,61,13/9/2024,PKB00408,8121619.489,Open,Maintenance
A014,VIO2021VLBWJK14,87,7/9/2024,PKB00409,6097679.098,Open,Repair
A015,AGY2020GFPMGL07,92,12/8/2024,PKB00410,3598651.102,Open,Repair
A016,INN2019DOTLQE56,73,10/8/2024,PKB00411,3129127.326,Open,Inspection
A017,AVA2021ALWMXF22,64,17/9/2024,PKB00412,7810703.499,Closed,Repair
A018,RUS2022MZSBBC13,98,12/9/2024,PKB00413,3768000.706,Open,Maintenance
A019,YAR2018HPBKWD60,60,28/7/2024,PKB00414,5582364.708,Closed,Repair
A020,LAN2020ERMGOM65,25,25/8/2024,PKB00415,4738718.088,Open,Repair
A021,AVA2023HUGZUI97,44,1/9/2024,PKB00416,5703896.568,Open,Maintenance
A022,RAI2019MWMMIQ91,61,20/7/2024,PKB00417,6493792.753,Open,Maintenance
A023,AGY2020GFPMGL07,66,24/9/2024,PKB00418,5982348.654,Closed,Maintenance
A024,LAN2022OQWHGC75,100,24/9/2024,PKB00419,4443322.962,Open,Repair
A025,RAI2018SOLDIJ90,39,23/7/2024,PKB00420,5778132.813,Closed,Maintenance
A026,AGY2021LADOTO69,13,28/7/2024,PKB00421,4348135.414,Closed,Repair
A027,INN2020TGHRIV45,43,26/7/2024,PKB00422,4744199.79,Open,Inspection
A028,RAI2021JXPLQS52,39,13/7/2024,PKB00423,3794629.385,Closed,Inspection
A029,HIL2019VAEBFX57,68,6/7/2024,PKB00424,6143971.302,Open,Inspection
A030,AVA2019XHGMOK87,23,25/8/2024,PKB00425,7351277.101,Open,Inspection
A031,CAM2018DCLDKH51,89,29/8/2024,PKB00426,4452557.806,Open,Inspection
A032,HIL2018OTNLJT46,57,17/8/2024,PKB00427,4851463.455,Closed,Maintenance
A033,AVA2019XHGMOK87,51,16/7/2024,PKB00428,3601662.508,Open,Maintenance
A034,HIA2020SCGAQA19,33,28/9/2024,PKB00429,7201056.877,Closed,Inspection
A035,AGY2020GFPMGL07,4,24/9/2024,PKB00430,4231967.194,Closed,Inspection
A036,VIO2022JWCNSA34,54,11/8/2024,PKB00431,5307795.645,Closed,Inspection
A001,VIO2018QHCWEY48,45,26/8/2024,PKB00432,5538053.011,Closed,Maintenance
A002,RUS2021ORQHHG13,76,23/8/2024,PKB00433,4123326.673,Open,Maintenance
A003,YAR2020NRZNBG06,2,11/7/2024,PKB00434,3387374.197,Open,Inspection
A004,INN2021OKQBNU07,69,18/8/2024,PKB00435,5916677.072,Open,Inspection
A005,RUS2021ORQHHG13,98,19/9/2024,PKB00436,3808625.509,Open,Maintenance
A006,LAN2019IFXMEW57,2,19/7/2024,PKB00437,4854962.336,Open,Maintenance
A007,HIL2023QETYWI38,57,8/8/2024,PKB00438,4096446.726,Closed,Inspection
A008,INN2019DOTLQE56,23,4/9/2024,PKB00439,4990559.812,Open,Inspection
A009,CAM2019WMCBIT71,27,7/9/2024,PKB00440,6209697.117,Open,Maintenance
A010,HIL2020WGDWDZ03,88,10/8/2024,PKB00441,3212461.346,Closed,Inspection
A011,RUS2019KQCWQV05,1,6/8/2024,PKB00442,2797077.724,Open,Maintenance
A012,CAM2023VIHAPZ15,88,15/7/2024,PKB00443,3149526.086,Closed,Inspection
A013,LAN2022OQWHGC75,6,30/7/2024,PKB00444,3638066.976,Closed,Repair
A014,YAR2019XFFURQ39,39,21/7/2024,PKB00445,4719596.322,Closed,Maintenance
A015,LAN2019IFXMEW57,35,17/8/2024,PKB00446,4252973.945,Open,Repair
A016,CAM2019WMCBIT71,80,13/9/2024,PKB00447,5516470.385,Open,Inspection
A017,YAR2018HPBKWD60,25,24/8/2024,PKB00448,6513920.468,Open,Inspection
A018,LAN2018OSFICJ71,22,2/9/2024,PKB00449,3857371.501,Open,Maintenance
A019,HIA2019GCXWLN62,72,9/8/2024,PKB00450,4690876.378,Open,Repair
A020,FOR2021OWCIEX73,63,18/7/2024,PKB00451,6226926.178,Closed,Repair
A021,COR2018CANHTC79,66,23/9/2024,PKB00452,3167139.085,Closed,Maintenance
A022,HIA2018QTKNXL64,1,9/9/2024,PKB00453,5250713.55,Open,Maintenance
A023,RAI2019MWMMIQ91,2,9/7/2024,PKB00454,3774712.453,Open,Repair
A024,RAI2023VYBBKO92,61,22/7/2024,PKB00455,5265326.373,Open,Inspection
A025,VIO2023QQTJGH54,27,22/9/2024,PKB00456,3517520.265,Open,Maintenance
A026,COR2021KHESOQ70,50,16/9/2024,PKB00457,5824924.445,Closed,Maintenance
A027,HIL2021UTWJXS72,18,24/9/2024,PKB00458,7266505.439,Closed,Inspection
A028,RUS2022MZSBBC13,15,12/7/2024,PKB00459,4560541.481,Closed,Inspection
A029,AVA2018YCEQCV07,56,15/8/2024,PKB00460,2910722.297,Open,Inspection
A030,HIL2023PHKMMA30,71,4/8/2024,PKB00461,3592311.827,Open,Repair
A031,HIL2018OTNLJT46,48,9/7/2024,PKB00462,1436064.5,Open,Repair
A032,RAI2023VYBBKO92,67,27/9/2024,PKB00463,4960234.981,Closed,Repair
A033,HIA2018QTKNXL64,58,9/9/2024,PKB00464,3372263.186,Closed,Inspection
A034,RAI2022VEXTYG15,9,21/9/2024,PKB00465,5716989.44,Closed,Inspection
A035,CAM2022SFQWPT07,53,1/7/2024,PKB00466,5815237.605,Closed,Inspection
A036,COR2022NPJJVI29,56,14/9/2024,PKB00467,6607416.057,Closed,Inspection
A001,VIO2018QHCWEY48,43,28/7/2024,PKB00468,5676941.958,Closed,Inspection
A002,CAM2023VIHAPZ15,9,27/8/2024,PKB00469,4764939.739,Open,Maintenance
A003,INN2018HICTEI00,46,15/8/2024,PKB00470,6598716.103,Closed,Repair
A004,CAM2020EEYQSM08,1,30/7/2024,PKB00471,4190512.031,Closed,Maintenance
A005,HIL2020ADQHEB19,86,30/7/2024,PKB00472,4004851.636,Closed,Inspection
A006,CAM2023VIHAPZ15,62,26/8/2024,PKB00473,3704074.065,Open,Repair
A007,VIO2019YZCXXU25,86,10/7/2024,PKB00474,4316508.171,Open,Inspection
A008,AGY2018WRCLOI37,33,20/8/2024,PKB00475,5275163.027,Open,Maintenance
A009,RAI2023VYBBKO92,61,28/7/2024,PKB00476,5824001.373,Closed,Repair
A010,VIO2020ZUZOCB75,3,16/9/2024,PKB00477,4287612.485,Closed,Maintenance
A011,VIO2021VLBWJK14,98,17/9/2024,PKB00478,4698155.541,Open,Repair
A012,LAN2023OBEICY63,57,11/9/2024,PKB00479,5805935.534,Open,Inspection
A013,INN2021OKQBNU07,14,14/8/2024,PKB00480,3165096.85,Open,Inspection
A014,HIA2018QTKNXL64,13,16/7/2024,PKB00481,4073338.098,Closed,Repair
A015,YAR2019XFFURQ39,46,17/7/2024,PKB00482,5087137.078,Open,Inspection
A016,HIL2022FFGCIO90,7,26/9/2024,PKB00483,4089014.125,Open,Inspection
A017,AGY2020GFPMGL07,95,7/8/2024,PKB00484,3183586.224,Closed,Repair
A018,RAI2020BNJFJL72,48,6/7/2024,PKB00485,2260520.22,Closed,Repair
A019,HIL2023PHKMMA30,89,19/8/2024,PKB00486,6857357.459,Closed,Inspection
A020,INN2023WHFOFT49,49,8/7/2024,PKB00487,4904521.259,Closed,Repair
A021,RUS2022MZSBBC13,13,4/7/2024,PKB00488,4567750.855,Open,Inspection
A022,RAI2022VEXTYG15,52,21/9/2024,PKB00489,5213493.006,Closed,Repair
A023,LAN2021QAGNWA65,7,18/8/2024,PKB00490,4824904.211,Open,Repair
A024,CAL2022LBDWTD46,3,12/8/2024,PKB00491,3008505.032,Closed,Maintenance
A025,RUS2021ORQHHG13,32,2/8/2024,PKB00492,7057772.605,Closed,Maintenance
A026,VIO2020ZUZOCB75,61,10/7/2024,PKB00493,5411982.502,Closed,Inspection
A027,LAN2018OSFICJ71,17,5/9/2024,PKB00494,3023877.622,Closed,Inspection
A028,LAN2021QAGNWA65,30,11/7/2024,PKB00495,3410073.773,Open,Maintenance
A029,CAM2020EEYQSM08,48,8/7/2024,PKB00496,6606396.492,Closed,Maintenance
A030,LAN2023OBEICY63,82,2/9/2024,PKB00497,4875106.928,Open,Maintenance
A031,HIL2023PHKMMA30,96,29/9/2024,PKB00498,6695845.382,Open,Inspection
A032,AGY2022ULQBIF98,51,18/9/2024,PKB00499,4609227.902,Closed,Maintenance
A033,LAN2018OSFICJ71,21,12/7/2024,PKB00500,2752666.33,Closed,Inspection
A034,VIO2018QHCWEY48,24,14/7/2024,PKB00501,4093221.819,Closed,Maintenance
A035,AVA2021ALWMXF22,51,8/7/2024,PKB00502,4618069.367,Closed,Inspection
A036,AVA2019XHGMOK87,50,31/8/2024,PKB00503,6556308.556,Closed,Repair
A001,AVA2020FJDMHI32,61,17/9/2024,PKB00504,6273512.088,Open,Repair
A002,RAI2020BNJFJL72,57,29/9/2024,PKB00505,4361752.464,Open,Maintenance
A003,AGY2019AAWDEO04,2,22/9/2024,PKB00506,4315152.351,Open,Repair
A004,FOR2022KPTFCG02,75,30/8/2024,PKB00507,5019635.408,Closed,Maintenance
A005,COR2023QABEXL90,57,20/9/2024,PKB00508,4965438.513,Closed,Maintenance
A006,FOR2021OWCIEX73,83,13/7/2024,PKB00509,4401411.456,Open,Inspection
A007,HIA2023DVRRTU31,5,22/9/2024,PKB00510,8105815.641,Open,Inspection
A008,CAL2018GEKLWQ90,43,13/7/2024,PKB00511,7048397.446,Closed,Repair
A009,CAL2023UBTGOI35,15,2/7/2024,PKB00512,4083098.707,Open,Repair
A010,INN2023WHFOFT49,13,6/9/2024,PKB00513,3736741.579,Open,Maintenance
A011,AGY2018WRCLOI37,38,29/7/2024,PKB00514,6374272.087,Open,Maintenance
A012,AVA2019XHGMOK87,6,27/7/2024,PKB00515,5074341.766,Closed,Inspection
A013,AGY2018WRCLOI37,71,10/8/2024,PKB00516,4377281.244,Open,Repair
A014,HIA2019GCXWLN62,26,30/7/2024,PKB00517,3599646.928,Closed,Maintenance
A015,FOR2021OWCIEX73,94,28/8/2024,PKB00518,6160079.986,Closed,Maintenance
A016,CAM2019WMCBIT71,59,16/7/2024,PKB00519,5954024.423,Closed,Repair
A017,HIL2022XDTLVQ42,42,3/8/2024,PKB00520,6056058.699,Open,Repair
A018,LAN2023OBEICY63,100,22/7/2024,PKB00521,5784757.425,Open,Maintenance
A019,HIA2020SCGAQA19,70,8/8/2024,PKB00522,5738976.859,Closed,Repair
A020,CAM2021THVIGG58,84,13/7/2024,PKB00523,3384718.881,Closed,Repair
A021,HIL2022FFGCIO90,27,19/7/2024,PKB00524,4573130.904,Open,Repair
A022,LAN2020ERMGOM65,76,14/8/2024,PKB00525,4610258.857,Open,Repair
A023,RAI2019MWMMIQ91,98,15/8/2024,PKB00526,5612220.688,Closed,Maintenance
A024,HIA2018QTKNXL64,2,24/7/2024,PKB00527,6338633.734,Open,Repair
A025,AVA2021ALWMXF22,23,17/7/2024,PKB00528,6887347.428,Open,Inspection
A026,HIL2018RTQNCN33,64,6/7/2024,PKB00529,4299014.937,Open,Maintenance
A027,AVA2020FJDMHI32,60,17/9/2024,PKB00530,3556825.114,Open,Inspection
A028,HIL2021UTWJXS72,51,5/8/2024,PKB00531,7140421.977,Closed,Maintenance
A029,LAN2020ERMGOM65,37,19/8/2024,PKB00532,5020500.855,Open,Inspection
A030,FOR2023DLGMEU06,76,26/9/2024,PKB00533,3350598.137,Open,Maintenance
A031,HIA2018QTKNXL64,31,24/8/2024,PKB00534,5382329.011,Closed,Maintenance
A032,VIO2019YZCXXU25,22,15/7/2024,PKB00535,9397367.131,Open,Repair
A033,CAM2020EEYQSM08,59,16/8/2024,PKB00536,3953148.676,Open,Inspection
A034,HIA2021XNNXCA04,89,2/8/2024,PKB00537,4445199.718,Closed,Maintenance
A035,COR2022NPJJVI29,54,7/8/2024,PKB00538,4493219.631,Closed,Inspection
A036,HIA2019GCXWLN62,73,27/8/2024,PKB00539,3598663.05,Closed,Maintenance
A001,RAI2022VEXTYG15,43,1/9/2024,PKB00540,3612588.345,Closed,Inspection
A002,AGY2021LADOTO69,31,8/9/2024,PKB00541,7222457.451,Closed,Inspection
A003,AVA2018YCEQCV07,17,23/8/2024,PKB00542,4931855.248,Closed,Maintenance
A004,INN2021OKQBNU07,73,4/9/2024,PKB00543,6257591.404,Open,Maintenance
A005,RUS2019KQCWQV05,94,27/7/2024,PKB00544,3769611.473,Closed,Inspection
A006,CAL2018GEKLWQ90,31,4/7/2024,PKB00545,6691225.058,Open,Inspection
A007,CAM2019WMCBIT71,8,19/7/2024,PKB00546,3206546.327,Closed,Inspection
A008,HIL2022XDTLVQ42,3,8/7/2024,PKB00547,3893183.89,Closed,Maintenance
A009,HIL2019VAEBFX57,39,24/8/2024,PKB00548,3604438.822,Closed,Inspection
A010,LAN2018OSFICJ71,99,7/9/2024,PKB00549,5765527.51,Open,Inspection
A011,AGY2019AAWDEO04,17,6/7/2024,PKB00550,4952073.423,Closed,Repair
A012,CAL2023UBTGOI35,10,23/8/2024,PKB00551,3739143.439,Open,Maintenance
A013,VIO2018QHCWEY48,85,16/9/2024,PKB00552,3911128.239,Closed,Inspection
A014,CAM2020EEYQSM08,75,27/9/2024,PKB00553,6469165.244,Closed,Inspection
A015,CAL2018GEKLWQ90,22,31/8/2024,PKB00554,5681247.936,Closed,Inspection
A016,COR2023QABEXL90,98,2/8/2024,PKB00555,3444662.225,Open,Repair
A017,CAL2023UBTGOI35,97,15/7/2024,PKB00556,7136153.642,Closed,Maintenance
A018,INN2023WHFOFT49,74,4/9/2024,PKB00557,5886669.693,Closed,Inspection
A019,LAN2020ERMGOM65,74,20/8/2024,PKB00558,5189143.726,Closed,Repair
A020,RUS2019KQCWQV05,86,10/7/2024,PKB00559,4922345.038,Closed,Repair
A021,CAM2019WMCBIT71,80,8/9/2024,PKB00560,4433017.486,Closed,Inspection
A022,HIA2018QTKNXL64,14,21/9/2024,PKB00561,6217025.252,Closed,Maintenance
A023,AVA2021ALWMXF22,21,6/7/2024,PKB00562,7712622.908,Closed,Maintenance
A024,AVA2019XHGMOK87,24,5/9/2024,PKB00563,4927974.543,Closed,Repair
A025,RUS2019KQCWQV05,88,26/7/2024,PKB00564,5144104.206,Closed,Repair
A026,HIL2018OTNLJT46,14,20/7/2024,PKB00565,5790929.932,Open,Maintenance
A027,LAN2021QAGNWA65,6,17/8/2024,PKB00566,5952541.23,Open,Repair
A028,HIA2018QTKNXL64,98,6/9/2024,PKB00567,8022111.508,Closed,Repair
A029,FOR2019WNNOLC65,94,31/7/2024,PKB00568,4863504.462,Closed,Maintenance
A030,VIO2022JWCNSA34,52,7/7/2024,PKB00569,3865299.883,Closed,Inspection
A031,LAN2020ERMGOM65,53,29/9/2024,PKB00570,2834590.821,Closed,Maintenance
A032,CAL2022LBDWTD46,78,1/8/2024,PKB00571,7706284.036,Closed,Repair
A033,COR2021KHESOQ70,53,5/8/2024,PKB00572,6311185.045,Open,Maintenance
A034,FOR2019WNNOLC65,8,12/8/2024,PKB00573,4009342.532,Closed,Maintenance
A035,LAN2019IFXMEW57,73,7/9/2024,PKB00574,4417681.586,Open,Repair
A036,CAM2023VIHAPZ15,26,8/8/2024,PKB00575,7621424.566,Open,Inspection
A001,AVA2021ALWMXF22,27,29/8/2024,PKB00576,5794968.505,Open,Inspection
A002,FOR2019WNNOLC65,90,9/9/2024,PKB00577,4191650.572,Closed,Repair
A003,HIL2020ADQHEB19,47,4/9/2024,PKB00578,5886606.39,Open,Maintenance
A004,COR2021KHESOQ70,47,14/9/2024,PKB00579,4956868.451,Closed,Repair
A005,HIL2023QETYWI38,98,10/7/2024,PKB00580,2731283.007,Open,Repair
A006,INN2020TGHRIV45,31,28/8/2024,PKB00581,7134541.818,Open,Inspection
A007,HIL2023QETYWI38,45,25/8/2024,PKB00582,6398658.682,Open,Repair
A008,AVA2020FJDMHI32,87,3/9/2024,PKB00583,3201359.791,Closed,Repair
A009,CAL2018GEKLWQ90,56,13/7/2024,PKB00584,5588029.674,Open,Inspection
A010,INN2022NZYBYL06,13,2/7/2024,PKB00585,5613212.691,Closed,Maintenance
A011,YAR2023BFPOWA55,55,23/9/2024,PKB00586,3886091.688,Closed,Repair
A012,CAM2021THVIGG58,71,14/8/2024,PKB00587,3430569.307,Open,Inspection
A013,AGY2019AAWDEO04,77,16/7/2024,PKB00588,3454723.701,Closed,Inspection
A014,VIO2020ZUZOCB75,75,22/8/2024,PKB00589,7561635.606,Closed,Inspection
A015,RUS2023ZVGYOI12,43,20/8/2024,PKB00590,4943442.01,Open,Inspection
A016,CAM2023VIHAPZ15,80,5/9/2024,PKB00591,6681492.817,Closed,Maintenance
A017,HIL2020ADQHEB19,54,8/8/2024,PKB00592,5156137.163,Closed,Repair
A018,HIL2019DGLKQJ61,3,4/8/2024,PKB00593,2623523.467,Closed,Inspection
A019,HIA2023DVRRTU31,23,8/7/2024,PKB00594,5789559.451,Closed,Repair
A020,RUS2020WALWTV92,4,29/8/2024,PKB00595,4290558.667,Open,Maintenance
A021,YAR2018HPBKWD60,19,3/7/2024,PKB00596,3789134.761,Closed,Repair
A022,RUS2020WALWTV92,47,7/7/2024,PKB00597,4128093.223,Closed,Repair
A023,FOR2019WNNOLC65,67,11/8/2024,PKB00598,3561085.062,Closed,Repair
A024,AGY2022ULQBIF98,19,27/8/2024,PKB00599,1960896.268,Open,Inspection
A025,YAR2022LCRHLR05,90,30/9/2024,PKB00600,3075224.969,Open,Maintenance
A026,VIO2021VLBWJK14,11,29/9/2024,PKB00601,2510409.323,Open,Maintenance
A027,RAI2021JXPLQS52,18,31/8/2024,PKB00602,5570526.454,Closed,Inspection
A028,COR2020GMGJXC67,90,13/9/2024,PKB00603,5421453.908,Closed,Maintenance
A029,RAI2018SOLDIJ90,3,6/9/2024,PKB00604,5567408.626,Closed,Repair
A030,HIA2022CRWZKV90,72,3/8/2024,PKB00605,6156358.682,Closed,Inspection
A031,CAL2023UBTGOI35,53,4/9/2024,PKB00606,7494679.002,Closed,Inspection
A032,VIO2020ZUZOCB75,20,30/7/2024,PKB00607,4309217.398,Closed,Maintenance
A033,HIL2022XDTLVQ42,33,20/8/2024,PKB00608,4106551.7,Closed,Repair
A034,CAL2022LBDWTD46,96,15/9/2024,PKB00609,5194907.189,Open,Maintenance
A035,CAL2023UBTGOI35,10,30/9/2024,PKB00610,4024938.357,Closed,Inspection
A036,RAI2022VEXTYG15,33,24/7/2024,PKB00611,5676550.3,Closed,Repair
A001,INN2018HICTEI00,73,23/7/2024,PKB00612,3801400.073,Closed,Maintenance
A002,VIO2018QHCWEY48,87,27/9/2024,PKB00613,3351042.896,Open,Repair
A003,LAN2021QAGNWA65,60,4/7/2024,PKB00614,4224218.014,Open,Inspection
A004,YAR2022LCRHLR05,48,17/7/2024,PKB00615,4092137.442,Open,Inspection
A005,HIA2020SCGAQA19,97,17/7/2024,PKB00616,3456913.371,Closed,Repair
A006,YAR2022LCRHLR05,92,7/7/2024,PKB00617,5802481.927,Open,Repair
A007,COR2018CANHTC79,16,28/7/2024,PKB00618,1665654.685,Open,Maintenance
A008,AGY2023YRKXRB12,7,22/7/2024,PKB00619,4520602.021,Open,Inspection
A009,COR2020GMGJXC67,91,3/7/2024,PKB00620,6497196.324,Open,Maintenance
A010,HIL2019VAEBFX57,70,19/8/2024,PKB00621,5632552.694,Open,Maintenance
A011,HIL2023PHKMMA30,30,11/8/2024,PKB00622,3222787.424,Closed,Maintenance
A012,LAN2018OSFICJ71,43,6/8/2024,PKB00623,3854890.427,Open,Inspection
A013,VIO2019YZCXXU25,34,1/9/2024,PKB00624,2531578.709,Open,Inspection
A014,YAR2019XFFURQ39,37,7/8/2024,PKB00625,3289335.823,Closed,Repair
A015,COR2021KHESOQ70,61,3/8/2024,PKB00626,4339619.577,Open,Maintenance
A016,RUS2019KQCWQV05,12,3/7/2024,PKB00627,2498995.414,Closed,Repair
A017,RAI2023VYBBKO92,100,12/9/2024,PKB00628,4202777.046,Closed,Repair
A018,HIL2018OTNLJT46,20,29/8/2024,PKB00629,5933688.242,Open,Maintenance
A019,HIA2020SCGAQA19,9,11/7/2024,PKB00630,4986798.428,Closed,Maintenance
A020,CAL2021CCNTFS07,97,28/7/2024,PKB00631,5446470.307,Closed,Inspection
A021,HIL2020WGDWDZ03,17,28/8/2024,PKB00632,5145254.911,Closed,Inspection
A022,YAR2021YFVNUO83,50,9/8/2024,PKB00633,5426739.015,Closed,Repair
A023,HIL2021TZAHWT27,82,3/9/2024,PKB00634,3984355.603,Open,Inspection
A024,AGY2022ULQBIF98,38,24/7/2024,PKB00635,7182359.326,Open,Repair
A025,RAI2021JXPLQS52,98,19/7/2024,PKB00636,5130472.807,Open,Maintenance
A026,YAR2023BFPOWA55,68,19/9/2024,PKB00637,5323880.947,Closed,Repair
A027,CAL2021CCNTFS07,20,13/9/2024,PKB00638,4481555.311,Closed,Maintenance
A028,CAL2023UBTGOI35,24,4/7/2024,PKB00639,2759703.405,Open,Inspection
A029,LAN2023OBEICY63,59,6/7/2024,PKB00640,4134889.86,Closed,Repair
A030,CAL2019RBTODA92,20,25/8/2024,PKB00641,6541182.772,Closed,Inspection
A031,RUS2020WALWTV92,78,26/7/2024,PKB00642,5611443.43,Open,Inspection
A032,AGY2023YRKXRB12,69,29/7/2024,PKB00643,2925606.681,Open,Inspection
A033,LAN2021QAGNWA65,28,20/9/2024,PKB00644,3815071.966,Open,Inspection
A034,AVA2023HUGZUI97,32,12/8/2024,PKB00645,3993780.587,Open,Maintenance
A035,CAM2019WMCBIT71,69,11/8/2024,PKB00646,7176009.268,Closed,Inspection
A036,AGY2021LADOTO69,61,13/8/2024,PKB00647,4760145.399,Open,Repair
A001,YAR2023BFPOWA55,79,12/7/2024,PKB00648,2149038.409,Open,Maintenance
A002,AGY2022ULQBIF98,21,25/9/2024,PKB00649,5581726.081,Closed,Repair
A003,HIL2021UTWJXS72,38,14/7/2024,PKB00650,4556050.899,Open,Inspection
A004,COR2018CANHTC79,75,29/8/2024,PKB00651,3092284.006,Open,Inspection
A005,AVA2021ALWMXF22,21,30/9/2024,PKB00652,8586711.695,Closed,Repair
A006,RAI2021JXPLQS52,100,14/8/2024,PKB00653,3994595.064,Closed,Inspection
A007,LAN2023OBEICY63,79,15/7/2024,PKB00654,7204638.853,Open,Repair
A008,HIL2021UTWJXS72,42,24/7/2024,PKB00655,5077879.654,Closed,Repair
A009,HIL2019VAEBFX57,93,31/8/2024,PKB00656,6129357.396,Closed,Inspection
A010,HIL2023QETYWI38,43,22/9/2024,PKB00657,3996134.978,Closed,Repair
A011,LAN2021QAGNWA65,53,24/8/2024,PKB00658,5276372.173,Closed,Inspection
A012,FOR2020HESLZE76,13,4/7/2024,PKB00659,7753520.34,Open,Repair
A013,YAR2020NRZNBG06,28,17/8/2024,PKB00660,6004026.753,Closed,Inspection
A014,CAL2018GEKLWQ90,11,28/7/2024,PKB00661,2137720.012,Open,Maintenance
A015,CAM2022SFQWPT07,62,27/7/2024,PKB00662,1810110.575,Open,Repair
A016,FOR2023DLGMEU06,62,15/9/2024,PKB00663,6388493.423,Closed,Maintenance
A017,RUS2021ORQHHG13,1,23/8/2024,PKB00664,3365771.518,Closed,Repair
A018,VIO2021VLBWJK14,3,29/8/2024,PKB00665,5479724.483,Open,Repair
A019,RAI2020BNJFJL72,91,22/9/2024,PKB00666,2107400.597,Open,Repair
A020,CAL2019RBTODA92,58,25/8/2024,PKB00667,4750498.256,Closed,Inspection
A021,AGY2023YRKXRB12,91,12/9/2024,PKB00668,4515814.253,Closed,Repair
A022,AVA2020FJDMHI32,70,30/7/2024,PKB00669,7069334.184,Closed,Maintenance
A023,RAI2020BNJFJL72,80,2/8/2024,PKB00670,2578803.946,Closed,Inspection
A024,LAN2021QAGNWA65,23,25/8/2024,PKB00671,6183296.56,Closed,Inspection
A025,RAI2023VYBBKO92,14,1/7/2024,PKB00672,4361312.536,Closed,Inspection
A026,AGY2019AAWDEO04,9,12/7/2024,PKB00673,7341412.893,Open,Maintenance
A027,LAN2023OBEICY63,79,17/9/2024,PKB00674,5241214.476,Closed,Repair
A028,HIL2023QETYWI38,100,22/9/2024,PKB00675,3542003.512,Open,Inspection
A029,INN2020TGHRIV45,52,28/7/2024,PKB00676,5596311.414,Closed,Repair
A030,LAN2018OSFICJ71,85,29/8/2024,PKB00677,2950130.606,Open,Maintenance
A031,VIO2021VLBWJK14,96,18/7/2024,PKB00678,4602464.585,Open,Repair
A032,COR2019YJZKSU46,87,30/7/2024,PKB00679,4321486.719,Closed,Repair
A033,RUS2022MZSBBC13,4,9/8/2024,PKB00680,7794158.126,Open,Inspection
A034,AVA2019XHGMOK87,25,10/9/2024,PKB00681,5913775.794,Closed,Repair
A035,VIO2021VLBWJK14,78,22/8/2024,PKB00682,2355492.281,Open,Inspection
A036,RAI2023VYBBKO92,48,15/8/2024,PKB00683,3937707.394,Open,Repair
A001,RAI2019MWMMIQ91,78,28/9/2024,PKB00684,7677918.674,Closed,Maintenance
A002,COR2022NPJJVI29,61,10/8/2024,PKB00685,2857328.387,Open,Inspection
A003,LAN2018OSFICJ71,23,9/9/2024,PKB00686,6949857.497,Closed,Maintenance
A004,COR2019YJZKSU46,72,30/8/2024,PKB00687,6215316.996,Open,Inspection
A005,HIA2020SCGAQA19,95,18/9/2024,PKB00688,1425025.457,Closed,Repair
A006,INN2023WHFOFT49,79,9/7/2024,PKB00689,3889895.679,Open,Maintenance
A007,YAR2023BFPOWA55,53,14/9/2024,PKB00690,7035013.334,Closed,Inspection
A008,HIL2023QETYWI38,68,17/9/2024,PKB00691,4965622.852,Open,Inspection
A009,RAI2020BNJFJL72,59,28/9/2024,PKB00692,5127674.165,Closed,Inspection
A010,HIA2021XNNXCA04,10,3/8/2024,PKB00693,4700406.799,Closed,Maintenance
A011,LAN2019IFXMEW57,36,23/8/2024,PKB00694,5432404.453,Closed,Repair
A012,INN2020TGHRIV45,80,20/9/2024,PKB00695,4449650.421,Closed,Repair
A013,AGY2023YRKXRB12,31,11/9/2024,PKB00696,5812032.856,Closed,Inspection
A014,HIA2018QTKNXL64,15,17/7/2024,PKB00697,5906632.659,Open,Maintenance
A015,FOR2021OWCIEX73,32,20/8/2024,PKB00698,6433058.165,Closed,Maintenance
A016,VIO2021VLBWJK14,31,11/7/2024,PKB00699,3028012.089,Closed,Maintenance
A017,YAR2019XFFURQ39,50,29/7/2024,PKB00700,4222423.038,Closed,Inspection
A018,COR2019YJZKSU46,58,22/9/2024,PKB00701,6805404.443,Closed,Inspection
A019,VIO2022JWCNSA34,78,1/7/2024,PKB00702,6300173.624,Open,Inspection
A020,HIL2020ADQHEB19,88,7/9/2024,PKB00703,4091941.769,Closed,Maintenance
A021,AVA2022TUNBZX72,100,17/7/2024,PKB00704,6118053.073,Open,Inspection
A022,RUS2021ORQHHG13,41,22/7/2024,PKB00705,4420486.67,Open,Inspection
A023,HIA2021XNNXCA04,31,1/7/2024,PKB00706,4622113.92,Open,Maintenance
A024,INN2021OKQBNU07,75,12/9/2024,PKB00707,7536869.161,Open,Inspection
A025,YAR2019XFFURQ39,74,29/9/2024,PKB00708,5498948.764,Open,Repair
A026,VIO2022JWCNSA34,10,15/9/2024,PKB00709,4977981.411,Open,Inspection
A027,RAI2018SOLDIJ90,64,6/7/2024,PKB00710,5035883.224,Closed,Repair
A028,INN2023WHFOFT49,93,27/8/2024,PKB00711,6472974.295,Open,Repair
A029,VIO2019YZCXXU25,36,8/7/2024,PKB00712,4784508.701,Closed,Repair
A030,LAN2020ERMGOM65,72,25/9/2024,PKB00713,6379557.293,Closed,Maintenance
A031,INN2018HICTEI00,59,15/7/2024,PKB00714,3835103.464,Open,Inspection
A032,AGY2020GFPMGL07,94,9/9/2024,PKB00715,4951536.027,Closed,Repair
A033,FOR2019WNNOLC65,78,21/9/2024,PKB00716,5458818.178,Open,Inspection
A034,AGY2020GFPMGL07,88,24/9/2024,PKB00717,4322885.035,Open,Maintenance
A035,HIL2023PHKMMA30,67,10/9/2024,PKB00718,8386114.176,Open,Maintenance
A036,HIA2023DVRRTU31,56,27/8/2024,PKB00719,2657745.548,Closed,Maintenance
A001,CAL2022LBDWTD46,52,26/7/2024,PKB00720,4405437.93,Open,Repair
A002,RAI2018SOLDIJ90,66,18/9/2024,PKB00721,4652493.239,Open,Repair
A003,AVA2023HUGZUI97,13,14/7/2024,PKB00722,5652590.328,Closed,Maintenance
A004,YAR2021YFVNUO83,20,2/8/2024,PKB00723,6783604.888,Closed,Repair
A005,RUS2022MZSBBC13,61,25/7/2024,PKB00724,6546782.528,Open,Inspection
A006,AGY2023YRKXRB12,66,31/7/2024,PKB00725,4451178.564,Closed,Inspection
A007,AGY2023YRKXRB12,22,30/9/2024,PKB00726,3696925.781,Closed,Repair
A008,YAR2021YFVNUO83,9,20/9/2024,PKB00727,4310135.625,Closed,Maintenance
A009,LAN2022OQWHGC75,11,26/9/2024,PKB00728,3627899.446,Closed,Repair
A010,COR2020GMGJXC67,62,18/7/2024,PKB00729,6127722.338,Open,Inspection
A011,HIL2020WGDWDZ03,78,20/7/2024,PKB00730,6892609.823,Open,Maintenance
A012,HIA2023DVRRTU31,9,30/9/2024,PKB00731,6582623.099,Open,Inspection
A013,AGY2022ULQBIF98,70,21/9/2024,PKB00732,1942307.262,Open,Repair
A014,VIO2020ZUZOCB75,32,28/8/2024,PKB00733,5881427.265,Closed,Inspection
A015,INN2019DOTLQE56,2,29/7/2024,PKB00734,8186417.918,Open,Inspection
A016,VIO2018QHCWEY48,41,5/9/2024,PKB00735,7916369.95,Closed,Maintenance
A017,LAN2018OSFICJ71,21,4/8/2024,PKB00736,5270952.273,Closed,Maintenance
A018,HIA2021XNNXCA04,81,9/7/2024,PKB00737,2589789.716,Open,Inspection
A019,INN2019DOTLQE56,52,30/7/2024,PKB00738,5285570.521,Closed,Repair
A020,HIL2020ADQHEB19,77,1/9/2024,PKB00739,4936587.834,Open,Inspection
A021,HIL2019DGLKQJ61,65,9/8/2024,PKB00740,6771576.016,Open,Repair
A022,HIL2022XDTLVQ42,36,8/8/2024,PKB00741,7797870.755,Open,Maintenance
A023,AVA2023HUGZUI97,21,16/8/2024,PKB00742,1898057.631,Closed,Inspection
A024,YAR2019XFFURQ39,74,7/9/2024,PKB00743,2334176.622,Closed,Inspection
A025,RAI2019MWMMIQ91,34,5/8/2024,PKB00744,3481880.527,Closed,Repair
A026,CAL2021CCNTFS07,68,17/7/2024,PKB00745,5487828.007,Closed,Repair
A027,VIO2020ZUZOCB75,40,4/8/2024,PKB00746,7933811.014,Closed,Maintenance
A028,FOR2019WNNOLC65,38,19/9/2024,PKB00747,4507167.101,Open,Maintenance
A029,INN2023WHFOFT49,91,20/8/2024,PKB00748,4048580.704,Closed,Repair
A030,HIA2020SCGAQA19,19,18/9/2024,PKB00749,5378407.212,Closed,Inspection
A031,CAM2023VIHAPZ15,87,4/8/2024,PKB00750,7911056.627,Open,Repair
A032,LAN2023OBEICY63,60,4/7/2024,PKB00751,5865825.611,Closed,Maintenance
A033,CAL2022LBDWTD46,2,28/9/2024,PKB00752,2203645.811,Closed,Maintenance
A034,AVA2020FJDMHI32,8,8/7/2024,PKB00753,3309040.67,Closed,Maintenance
A035,HIL2020WGDWDZ03,97,22/7/2024,PKB00754,1971112.619,Closed,Repair
A036,AGY2021LADOTO69,25,3/9/2024,PKB00755,5862547.947,Closed,Inspection
A001,INN2022NZYBYL06,20,14/9/2024,PKB00756,6216641.945,Open,Inspection
A002,AGY2020GFPMGL07,10,24/7/2024,PKB00757,3458809.828,Open,Maintenance
A003,CAM2018DCLDKH51,64,8/7/2024,PKB00758,5423543.777,Open,Inspection
A004,CAL2019RBTODA92,44,23/8/2024,PKB00759,6792044.451,Open,Inspection
A005,RUS2021ORQHHG13,88,30/8/2024,PKB00760,4483328.38,Open,Maintenance
A006,COR2021KHESOQ70,96,15/8/2024,PKB00761,3201111.981,Closed,Inspection
A007,RUS2018PCSOXO70,39,4/7/2024,PKB00762,5974994.286,Open,Inspection
A008,VIO2018QHCWEY48,42,6/7/2024,PKB00763,5036544.288,Open,Inspection
A009,HIL2021TZAHWT27,17,2/9/2024,PKB00764,3976785.092,Closed,Maintenance
A010,RAI2018SOLDIJ90,50,10/9/2024,PKB00765,6464062.823,Closed,Inspection
A011,HIL2023PHKMMA30,88,1/9/2024,PKB00766,5523040.376,Open,Repair
A012,FOR2022KPTFCG02,48,3/9/2024,PKB00767,1601461.693,Closed,Maintenance
A013,RAI2019MWMMIQ91,86,23/7/2024,PKB00768,7986193.162,Closed,Maintenance
A014,LAN2022OQWHGC75,2,9/7/2024,PKB00769,3333537.352,Closed,Repair
A015,RAI2022VEXTYG15,62,25/9/2024,PKB00770,4529193.784,Closed,Repair
A016,HIL2020WGDWDZ03,94,23/8/2024,PKB00771,5850288.919,Closed,Repair
A017,HIL2022FFGCIO90,16,6/8/2024,PKB00772,5818008.395,Open,Maintenance
A018,AGY2018WRCLOI37,75,29/7/2024,PKB00773,7252395.869,Open,Maintenance
A019,YAR2021YFVNUO83,8,7/9/2024,PKB00774,5709887.798,Closed,Maintenance
A020,RAI2021JXPLQS52,38,27/7/2024,PKB00775,3191540.14,Open,Repair
A021,CAM2022SFQWPT07,43,9/8/2024,PKB00776,4045974.606,Open,Repair
A022,HIL2019DGLKQJ61,55,14/8/2024,PKB00777,5773646.404,Closed,Maintenance
A023,FOR2022KPTFCG02,29,9/7/2024,PKB00778,6384218.217,Closed,Repair
A024,RUS2022MZSBBC13,12,20/9/2024,PKB00779,3451705.275,Closed,Repair
A025,RAI2021JXPLQS52,45,7/7/2024,PKB00780,6480816.081,Closed,Repair
A026,COR2020GMGJXC67,82,3/7/2024,PKB00781,6388786.632,Closed,Inspection
A027,RUS2022MZSBBC13,57,19/7/2024,PKB00782,5432060.266,Open,Inspection
A028,HIA2018QTKNXL64,49,10/9/2024,PKB00783,3581994.074,Open,Inspection
A029,LAN2022OQWHGC75,97,27/8/2024,PKB00784,4197934.095,Closed,Repair
A030,AVA2023HUGZUI97,54,15/9/2024,PKB00785,6706843.034,Closed,Repair
A031,YAR2019XFFURQ39,8,25/7/2024,PKB00786,5271734.494,Open,Repair
A032,HIL2022FFGCIO90,13,18/9/2024,PKB00787,5442857.145,Open,Maintenance
A033,HIA2022CRWZKV90,69,3/9/2024,PKB00788,7200540.669,Open,Inspection
A034,FOR2021OWCIEX73,46,21/7/2024,PKB00789,2126306.003,Open,Maintenance
A035,HIL2022FFGCIO90,7,27/9/2024,PKB00790,5540262.708,Open,Maintenance
A036,CAL2020ILIUQU43,22,17/8/2024,PKB00791,5999943.959,Open,Maintenance
A001,VIO2021VLBWJK14,83,17/8/2024,PKB00792,6566226.365,Closed,Maintenance
A002,YAR2018HPBKWD60,17,19/9/2024,PKB00793,6794803.87,Closed,Repair
A003,YAR2020NRZNBG06,27,27/7/2024,PKB00794,6109082.528,Closed,Inspection
A004,CAM2021THVIGG58,44,7/8/2024,PKB00795,4854527.958,Closed,Repair
A005,HIL2022XDTLVQ42,10,11/7/2024,PKB00796,4033629.243,Closed,Inspection
A006,CAL2021CCNTFS07,9,13/8/2024,PKB00797,5662063.518,Open,Maintenance
A007,HIL2023PHKMMA30,22,26/8/2024,PKB00798,5580264.231,Closed,Maintenance
A008,CAL2021CCNTFS07,88,17/9/2024,PKB00799,7485509.016,Closed,Maintenance
A009,FOR2019WNNOLC65,93,21/8/2024,PKB00800,3615507.735,Open,Repair
A010,CAL2023UBTGOI35,16,22/7/2024,PKB00801,6796317.993,Closed,Inspection
A011,YAR2020NRZNBG06,29,22/7/2024,PKB00802,1624729.129,Closed,Repair
A012,AVA2020FJDMHI32,1,16/8/2024,PKB00803,4746545.393,Closed,Maintenance
A013,LAN2019IFXMEW57,18,21/7/2024,PKB00804,6034309.937,Open,Maintenance
A014,CAL2022LBDWTD46,92,21/7/2024,PKB00805,5780640.567,Closed,Repair
A015,HIA2023DVRRTU31,84,30/8/2024,PKB00806,5991656.745,Open,Maintenance
A016,YAR2018HPBKWD60,58,2/9/2024,PKB00807,2935955.19,Closed,Repair
A017,RAI2023VYBBKO92,14,8/9/2024,PKB00808,5788107.907,Closed,Repair
A018,VIO2019YZCXXU25,72,2/8/2024,PKB00809,3591836.371,Open,Repair
A019,AVA2020FJDMHI32,6,25/8/2024,PKB00810,4280103.345,Closed,Inspection
A020,HIL2018RTQNCN33,46,4/9/2024,PKB00811,4410219.002,Open,Repair
A021,YAR2022LCRHLR05,77,23/7/2024,PKB00812,5830455.301,Open,Repair
A022,LAN2019IFXMEW57,37,28/9/2024,PKB00813,5383503.263,Closed,Repair
A023,CAL2021CCNTFS07,84,5/7/2024,PKB00814,5335722.462,Closed,Maintenance
A024,VIO2018QHCWEY48,12,8/9/2024,PKB00815,6800889.008,Closed,Maintenance
A025,RUS2020WALWTV92,80,2/9/2024,PKB00816,6502064.012,Open,Maintenance
A026,YAR2021YFVNUO83,16,15/7/2024,PKB00817,5937285.105,Open,Inspection
A027,RUS2019KQCWQV05,6,25/7/2024,PKB00818,3874458.129,Open,Maintenance
A028,RAI2021JXPLQS52,79,11/8/2024,PKB00819,6220105.936,Open,Inspection
A029,RUS2020WALWTV92,32,9/8/2024,PKB00820,3422263.876,Open,Inspection
A030,LAN2020ERMGOM65,28,27/7/2024,PKB00821,5153110.955,Open,Repair
A031,AGY2023YRKXRB12,84,16/9/2024,PKB00822,3049097.929,Open,Maintenance
A032,AGY2023YRKXRB12,40,13/9/2024,PKB00823,7196749.204,Open,Maintenance
A033,RAI2018SOLDIJ90,67,22/9/2024,PKB00824,5589852.336,Closed,Repair
A034,FOR2022KPTFCG02,6,18/8/2024,PKB00825,1323605.073,Open,Inspection
A035,AGY2020GFPMGL07,57,16/9/2024,PKB00826,5459835.135,Closed,Repair
A036,RUS2018PCSOXO70,37,29/7/2024,PKB00827,4509063.431,Open,Inspection
A001,FOR2022KPTFCG02,39,23/8/2024,PKB00828,4519868.953,Closed,Repair
A002,HIL2022FFGCIO90,11,8/9/2024,PKB00829,4235976.229,Closed,Repair
A003,HIA2019GCXWLN62,4,3/7/2024,PKB00830,5768519.429,Closed,Maintenance
A004,CAL2022LBDWTD46,57,28/8/2024,PKB00831,4273440.227,Closed,Inspection
A005,VIO2023QQTJGH54,67,6/9/2024,PKB00832,6964402.44,Open,Repair
A006,HIA2019GCXWLN62,27,10/7/2024,PKB00833,4145165.499,Open,Repair
A007,AGY2021LADOTO69,64,2/8/2024,PKB00834,6454845.992,Closed,Maintenance
A008,COR2021KHESOQ70,94,12/7/2024,PKB00835,4181627.718,Closed,Inspection
A009,COR2023QABEXL90,90,18/8/2024,PKB00836,7086215.276,Open,Repair
A010,YAR2023BFPOWA55,72,22/7/2024,PKB00837,4400240.285,Closed,Inspection
A011,FOR2022KPTFCG02,43,19/9/2024,PKB00838,7944253.211,Closed,Maintenance
A012,FOR2023DLGMEU06,39,23/7/2024,PKB00839,5226484.093,Open,Maintenance
A013,CAL2020ILIUQU43,39,27/8/2024,PKB00840,3898560.29,Closed,Repair
A014,HIL2021TZAHWT27,83,1/9/2024,PKB00841,5157225.898,Open,Repair
A015,YAR2018HPBKWD60,92,1/7/2024,PKB00842,4493504.883,Closed,Maintenance
A016,HIL2022FFGCIO90,24,7/7/2024,PKB00843,6519006.808,Open,Maintenance
A017,HIL2018RTQNCN33,1,1/8/2024,PKB00844,5041260.171,Open,Maintenance
A018,RAI2021JXPLQS52,60,24/8/2024,PKB00845,3892150.901,Open,Inspection
A019,INN2021OKQBNU07,72,20/9/2024,PKB00846,5850723.996,Open,Repair
A020,VIO2020ZUZOCB75,32,16/8/2024,PKB00847,3097781.449,Closed,Maintenance
A021,LAN2023OBEICY63,17,4/8/2024,PKB00848,5989461.767,Closed,Repair
A022,AVA2022TUNBZX72,74,17/8/2024,PKB00849,5314046.994,Closed,Maintenance
A023,VIO2020ZUZOCB75,84,25/8/2024,PKB00850,3695434.203,Open,Inspection
A024,HIA2020SCGAQA19,43,15/9/2024,PKB00851,2565903.434,Open,Inspection
A025,HIA2022CRWZKV90,31,7/8/2024,PKB00852,5033413.914,Open,Repair
A026,RAI2023VYBBKO92,68,26/7/2024,PKB00853,4652952.374,Closed,Maintenance
A027,HIL2021TZAHWT27,99,30/7/2024,PKB00854,5595508.214,Open,Maintenance
A028,YAR2023BFPOWA55,64,23/8/2024,PKB00855,6029141.045,Open,Inspection
A029,HIL2021UTWJXS72,28,19/8/2024,PKB00856,6179421.918,Open,Inspection
A030,HIL2019VAEBFX57,3,7/8/2024,PKB00857,3317695.868,Closed,Inspection
A031,FOR2022KPTFCG02,75,4/8/2024,PKB00858,6622606.008,Closed,Repair
A032,AVA2021ALWMXF22,80,28/9/2024,PKB00859,5240474.868,Open,Inspection
A033,LAN2023OBEICY63,77,27/7/2024,PKB00860,6529333.365,Closed,Maintenance
A034,COR2019YJZKSU46,97,21/8/2024,PKB00861,5316892.933,Open,Maintenance
A035,CAL2022LBDWTD46,86,9/9/2024,PKB00862,4710690.762,Open,Maintenance
A036,LAN2023OBEICY63,22,24/7/2024,PKB00863,7147004.633,Open,Maintenance
A001,AVA2021ALWMXF22,31,20/7/2024,PKB00864,5376360.273,Closed,Repair
A002,HIA2019GCXWLN62,63,29/7/2024,PKB00865,7343812.491,Open,Maintenance
A003,VIO2019YZCXXU25,69,4/7/2024,PKB00866,3379271.892,Closed,Inspection
A004,AGY2022ULQBIF98,87,25/8/2024,PKB00867,4157156.501,Closed,Maintenance
A005,VIO2020ZUZOCB75,89,31/8/2024,PKB00868,5102596.699,Closed,Maintenance
A006,YAR2022LCRHLR05,91,9/8/2024,PKB00869,5216351.665,Closed,Inspection
A007,CAL2021CCNTFS07,17,11/9/2024,PKB00870,6896950.092,Closed,Maintenance
A008,HIL2023PHKMMA30,48,22/8/2024,PKB00871,1750341.964,Open,Inspection
A009,CAL2023UBTGOI35,32,30/9/2024,PKB00872,5046901.749,Closed,Repair
A010,HIA2021XNNXCA04,78,21/8/2024,PKB00873,7862487.811,Open,Repair
A011,COR2022NPJJVI29,61,16/9/2024,PKB00874,3445002.139,Closed,Inspection
A012,HIL2020ADQHEB19,49,6/9/2024,PKB00875,4040616.116,Open,Maintenance
A013,HIL2023PHKMMA30,53,8/8/2024,PKB00876,5850294.583,Closed,Repair
A014,CAL2023UBTGOI35,62,25/9/2024,PKB00877,7353320.417,Closed,Inspection
A015,RAI2022VEXTYG15,15,2/9/2024,PKB00878,6974677.822,Closed,Maintenance
A016,HIL2019DGLKQJ61,16,20/9/2024,PKB00879,6162928.592,Open,Inspection
A017,CAM2023VIHAPZ15,100,3/9/2024,PKB00880,4393289.41,Open,Maintenance
A018,YAR2021YFVNUO83,88,21/9/2024,PKB00881,3964826.563,Open,Maintenance
A019,VIO2018QHCWEY48,61,17/8/2024,PKB00882,3567727.583,Closed,Repair
A020,VIO2021VLBWJK14,93,3/8/2024,PKB00883,2425429.423,Open,Inspection
A021,RUS2022MZSBBC13,63,8/8/2024,PKB00884,3806142.225,Closed,Repair
A022,AVA2022TUNBZX72,81,21/9/2024,PKB00885,6452728.859,Closed,Inspection
A023,HIL2018OTNLJT46,71,24/9/2024,PKB00886,7661138.504,Open,Inspection
A024,HIA2018QTKNXL64,1,17/7/2024,PKB00887,6530603.061,Open,Maintenance
A025,COR2021KHESOQ70,50,11/8/2024,PKB00888,6091448.152,Open,Maintenance
A026,HIL2018OTNLJT46,16,30/9/2024,PKB00889,4380650.093,Closed,Repair
A027,AVA2021ALWMXF22,36,25/9/2024,PKB00890,5862061.179,Closed,Maintenance
A028,VIO2020ZUZOCB75,85,20/7/2024,PKB00891,4376502.638,Closed,Inspection
A029,INN2023WHFOFT49,97,28/8/2024,PKB00892,6100290.609,Closed,Maintenance
A030,FOR2023DLGMEU06,70,16/8/2024,PKB00893,4063710.588,Closed,Maintenance
A031,RAI2021JXPLQS52,71,2/7/2024,PKB00894,6989148.613,Open,Inspection
A032,RUS2022MZSBBC13,88,28/9/2024,PKB00895,4530642.298,Closed,Repair
A033,RUS2020WALWTV92,87,31/7/2024,PKB00896,1730210.574,Closed,Maintenance
A034,HIA2018QTKNXL64,81,8/7/2024,PKB00897,4026095.038,Closed,Repair
A035,HIL2020ADQHEB19,85,6/8/2024,PKB00898,6611483.353,Open,Inspection
A036,YAR2023BFPOWA55,5,12/7/2024,PKB00899,5166742.6,Open,Inspection
A001,FOR2021OWCIEX73,51,27/9/2024,PKB00900,7485207.747,Open,Repair
A002,FOR2020HESLZE76,71,26/9/2024,PKB00901,7467661.304,Closed,Maintenance
A003,AGY2022ULQBIF98,60,22/9/2024,PKB00902,2654950.266,Closed,Maintenance
A004,AVA2019XHGMOK87,19,3/9/2024,PKB00903,4616870.698,Closed,Inspection
A005,HIA2020SCGAQA19,76,30/9/2024,PKB00904,7893885.135,Open,Maintenance
A006,CAL2019RBTODA92,7,5/8/2024,PKB00905,6307418.506,Open,Maintenance
A007,CAM2022SFQWPT07,6,29/9/2024,PKB00906,7032503.43,Open,Maintenance
A008,YAR2019XFFURQ39,1,6/7/2024,PKB00907,4853963.836,Closed,Repair
A009,HIL2019DGLKQJ61,75,12/9/2024,PKB00908,6432368.635,Closed,Repair
A010,VIO2020ZUZOCB75,36,11/8/2024,PKB00909,5478410.579,Open,Maintenance
A011,VIO2019YZCXXU25,42,4/9/2024,PKB00910,7079724.108,Open,Maintenance
A012,VIO2019YZCXXU25,13,16/8/2024,PKB00911,6985890.749,Open,Inspection
A013,HIL2021TZAHWT27,78,30/8/2024,PKB00912,4828432.353,Closed,Repair
A014,HIL2018OTNLJT46,33,11/8/2024,PKB00913,4785060.604,Closed,Inspection
A015,VIO2018QHCWEY48,58,23/8/2024,PKB00914,4600056.462,Open,Maintenance
A016,HIL2023QETYWI38,52,19/7/2024,PKB00915,3690801.175,Closed,Inspection
A017,LAN2018OSFICJ71,91,19/7/2024,PKB00916,5084442.791,Open,Maintenance
A018,HIA2023DVRRTU31,41,14/9/2024,PKB00917,2803631.694,Closed,Maintenance
A019,YAR2020NRZNBG06,93,17/8/2024,PKB00918,3405867.73,Closed,Maintenance
A020,RUS2021ORQHHG13,51,13/8/2024,PKB00919,5568550.953,Closed,Maintenance
A021,AGY2019AAWDEO04,48,19/8/2024,PKB00920,5445662.712,Open,Inspection
A022,CAM2019WMCBIT71,13,9/8/2024,PKB00921,4850087.184,Open,Repair
A023,HIA2018QTKNXL64,53,11/7/2024,PKB00922,4806951.806,Closed,Inspection
A024,FOR2019WNNOLC65,18,16/9/2024,PKB00923,3911984.628,Closed,Inspection
A025,INN2023WHFOFT49,39,27/9/2024,PKB00924,3500816.873,Open,Repair
A026,YAR2019XFFURQ39,63,21/9/2024,PKB00925,4118327.862,Closed,Maintenance
A027,LAN2020ERMGOM65,5,28/8/2024,PKB00926,3970826.318,Open,Maintenance
A028,LAN2021QAGNWA65,14,14/7/2024,PKB00927,3720212.481,Closed,Repair
A029,HIL2023QETYWI38,84,28/9/2024,PKB00928,6829104.577,Closed,Maintenance
A030,YAR2023BFPOWA55,22,8/9/2024,PKB00929,3051411.509,Open,Maintenance
A031,RAI2018SOLDIJ90,65,19/8/2024,PKB00930,5424220.67,Open,Maintenance
A032,AGY2023YRKXRB12,32,12/8/2024,PKB00931,3483963.332,Open,Maintenance
A033,YAR2021YFVNUO83,80,7/9/2024,PKB00932,4287979.789,Closed,Maintenance
A034,HIL2023PHKMMA30,26,22/9/2024,PKB00933,7267400.619,Closed,Inspection
A035,HIA2019GCXWLN62,40,14/9/2024,PKB00934,4627260.31,Open,Repair
A036,VIO2018QHCWEY48,37,4/8/2024,PKB00935,6231093.503,Closed,Maintenance
A001,HIL2021UTWJXS72,23,10/7/2024,PKB00936,5784248.977,Closed,Inspection
A002,RAI2020BNJFJL72,100,29/7/2024,PKB00937,3790076.552,Open,Repair
A003,AGY2019AAWDEO04,84,12/9/2024,PKB00938,5120608.063,Closed,Inspection
A004,HIL2021TZAHWT27,38,7/9/2024,PKB00939,6726455.55,Closed,Repair
A005,INN2021OKQBNU07,39,27/8/2024,PKB00940,6206185.02,Closed,Maintenance
A006,CAL2018GEKLWQ90,67,31/8/2024,PKB00941,6707442.932,Closed,Inspection
A007,CAM2019WMCBIT71,79,17/9/2024,PKB00942,3068575.797,Closed,Maintenance
A008,COR2020GMGJXC67,43,15/9/2024,PKB00943,5291415.952,Closed,Repair
A009,HIL2022XDTLVQ42,64,31/7/2024,PKB00944,6546503.084,Open,Inspection
A010,CAL2018GEKLWQ90,61,18/7/2024,PKB00945,4435592.44,Closed,Maintenance
A011,FOR2018DUJAOD15,30,13/7/2024,PKB00946,7034099.03,Closed,Inspection
A012,LAN2018OSFICJ71,34,23/8/2024,PKB00947,3939812.264,Closed,Repair
A013,AVA2022TUNBZX72,36,10/7/2024,PKB00948,4579727.688,Open,Maintenance
A014,AVA2018YCEQCV07,87,10/7/2024,PKB00949,5418230.526,Closed,Inspection
A015,AVA2021ALWMXF22,84,24/9/2024,PKB00950,2306051.82,Open,Inspection
A016,YAR2021YFVNUO83,38,8/8/2024,PKB00951,3392779.947,Open,Repair
A017,RAI2020BNJFJL72,19,17/8/2024,PKB00952,5844710.312,Closed,Repair
A018,INN2020TGHRIV45,97,7/9/2024,PKB00953,4473050.767,Closed,Maintenance
A019,YAR2018HPBKWD60,49,16/7/2024,PKB00954,6423275.173,Open,Inspection
A020,VIO2021VLBWJK14,74,18/7/2024,PKB00955,5586398.234,Closed,Maintenance
A021,YAR2021YFVNUO83,79,11/9/2024,PKB00956,5622691.883,Open,Maintenance
A022,CAL2023UBTGOI35,34,27/7/2024,PKB00957,2753963.159,Closed,Inspection
A023,VIO2022JWCNSA34,1,22/9/2024,PKB00958,7786394.059,Open,Maintenance
A024,INN2020TGHRIV45,37,10/9/2024,PKB00959,2467432.079,Closed,Inspection
A025,FOR2019WNNOLC65,40,20/8/2024,PKB00960,4210341.345,Closed,Maintenance
A026,AVA2022TUNBZX72,60,17/9/2024,PKB00961,5341123.847,Open,Maintenance
A027,AVA2022TUNBZX72,58,24/8/2024,PKB00962,6785936.287,Closed,Inspection
A028,RAI2018SOLDIJ90,43,14/8/2024,PKB00963,4565855.096,Open,Maintenance
A029,VIO2018QHCWEY48,17,21/7/2024,PKB00964,5987160.267,Open,Inspection
A030,RAI2022VEXTYG15,4,26/8/2024,PKB00965,3991191.964,Closed,Inspection
A031,LAN2020ERMGOM65,76,16/7/2024,PKB00966,5876505.736,Open,Maintenance
A032,HIL2018RTQNCN33,44,2/9/2024,PKB00967,5662616.044,Closed,Inspection
A033,COR2020GMGJXC67,9,2/9/2024,PKB00968,1843277.301,Closed,Repair
A034,VIO2019YZCXXU25,93,24/8/2024,PKB00969,3145465.163,Closed,Maintenance
A035,HIL2020WGDWDZ03,53,24/7/2024,PKB00970,4381990.009,Open,Inspection
A036,AVA2018YCEQCV07,78,30/7/2024,PKB00971,2608225.984,Closed,Inspection
A001,RUS2020WALWTV92,86,27/7/2024,PKB00972,6319404.629,Closed,Repair
A002,HIL2021UTWJXS72,36,27/9/2024,PKB00973,4954467.114,Open,Maintenance
A003,INN2020TGHRIV45,60,18/9/2024,PKB00974,4759019.048,Closed,Inspection
A004,RAI2018SOLDIJ90,78,22/8/2024,PKB00975,5144793.755,Open,Maintenance
A005,LAN2020ERMGOM65,22,7/8/2024,PKB00976,6380568.696,Open,Maintenance
A006,INN2023WHFOFT49,79,28/9/2024,PKB00977,5697075.176,Open,Inspection
A007,RAI2019MWMMIQ91,26,10/9/2024,PKB00978,1531115.087,Closed,Maintenance
A008,INN2021OKQBNU07,66,26/7/2024,PKB00979,7794324.338,Closed,Maintenance
A009,FOR2019WNNOLC65,42,14/9/2024,PKB00980,4450426.682,Open,Repair
A010,LAN2021QAGNWA65,33,10/7/2024,PKB00981,5293911.183,Open,Inspection
A011,YAR2020NRZNBG06,44,11/9/2024,PKB00982,2227871.057,Closed,Inspection
A012,LAN2022OQWHGC75,58,15/7/2024,PKB00983,3725542.588,Closed,Repair
A013,CAL2019RBTODA92,72,18/8/2024,PKB00984,3470733.456,Closed,Inspection
A014,LAN2021QAGNWA65,57,5/7/2024,PKB00985,5205951.986,Open,Inspection
A015,HIA2018QTKNXL64,20,26/8/2024,PKB00986,4832174.142,Closed,Repair
A016,RUS2020WALWTV92,23,8/9/2024,PKB00987,5461759.087,Closed,Maintenance
A017,FOR2018DUJAOD15,51,2/7/2024,PKB00988,6218788,Open,Repair
A018,CAM2018DCLDKH51,93,19/8/2024,PKB00989,5407755.753,Open,Inspection
A019,FOR2019WNNOLC65,74,15/9/2024,PKB00990,7094712.993,Open,Inspection
A020,RUS2019KQCWQV05,24,26/8/2024,PKB00991,5173994.764,Closed,Inspection
A021,AGY2021LADOTO69,50,16/8/2024,PKB00992,4141081.234,Open,Maintenance
A022,COR2023QABEXL90,63,2/9/2024,PKB00993,5382278.898,Open,Inspection
A023,CAM2018DCLDKH51,26,23/7/2024,PKB00994,2003686.949,Open,Maintenance
A024,INN2021OKQBNU07,4,14/7/2024,PKB00995,2159619.69,Open,Repair
A025,VIO2018QHCWEY48,77,12/8/2024,PKB00996,3707716.086,Open,Maintenance
A026,AVA2022TUNBZX72,80,2/9/2024,PKB00997,2573700.715,Closed,Inspection
A027,HIL2021UTWJXS72,68,12/7/2024,PKB00998,4799057.469,Closed,Inspection
A028,AGY2021LADOTO69,97,21/7/2024,PKB00999,3502949.198,Closed,Inspection